Specification Number,Title,Responsible Group
00.01U,Work programme for the standardization of Universal Mobile Telecommunications System (UMTS),SMG5
00.02U,Coordination guideline for SMG on UMTS with respect to ITU and European research programmes,SMG5
01.00,Working Procedures for SMG and PT SMG,SP
01.01,Technical Specifications and Technical Reports for a GERAN-based 3GPP system,SP
01.01U,Universal Mobile Telecommunications System (UMTS); Objectives and overview,SP
01.02,General Description of a GSM Public Land Mobile Network (PLMN),S1
01.03U,Universal Mobile Telecommunications System (UMTS); System requirements,SMG5
01.04,Abbreviations and acronyms,R6
01.05,General Modelling Method,SMG1
01.05U,System design methodology for the UMTS,SMG5
01.31,Fraud Information Gathering System (FIGS); Service requirements; Stage 0,S3
01.33,Lawful Interception requirements for GSM,S3
01.48,ISDN-based DECT/GSM interworking; Feasibility study,S1
01.50,Radio Local Loop (RLL) using GSM,SMG1
01.51,Dual mode of operation and roaming,SMG1
01.56,GSM Cordless Telephony System (CTS) (Phase 1); CTS Authentication and Key Generation Algorithms Requirements,S1
01.60,GPRS requirements,S1
01.61,General Packet Radio Service (GPRS); GPRS ciphering algorithm requirements,S3
02.01,Principles of telecommunication services supported by a GSM Public Land Mobile Network(PLMN),S1
02.02,Bearer Services (BS) Supported by a GSM Public Land Mobile Network (PLMN),S1
02.03,Teleservices Supported by a GSM Public Land Mobile Network (PLMN),S1
02.04,General on Supplementary Services,S1
02.06,Types of Mobile Stations (MS),S1
02.06dcs,Types of Mobile Stations (MS) - DCS 1800,S1
02.07,Mobile Station (MS) Features,S1
02.09,Security aspects,S3
02.11,Service accessibility,S1
02.11dcs,Service accessibility (DCS 1800),S1
02.16,International Mobile Station Equipment Identities (IMEI),S1
02.17,Subscriber Identity Module (SIM); Functional characteristics,C6
02.19,Subscriber Identity Module Application Programming Interface (SIM API); Stage 1,C6
02.20,Collection charges,S1
02.21,Transferred account procedure and billing information,S2
02.22,Stage 1 for personalisation of GSM ME,S1
02.24,Description of Charge Advice Information (CAI),S1
02.30,Man-machine Interface (MMI) of the Mobile Station (MS),S1
02.31,Fraud Information Gathering System (FIGS); Service description; Stage 1,S3
02.32,Immediate Service Termination (IST); Service description; Stage 1,S3
02.33,Lawful Interception (LI); Stage 1,S3
02.34,High Speed Circuit Switched Data (HSCSD); Stage 1,S1
02.38,SIM application toolkit (SAT); Stage 1,S1
02.40,Procedures for call progress Indications,S1
02.41,Operator Determined Barring (ODB),S1
02.42,"Network Identity and Timezone (NITZ); Service Description, Stage 1",S1
02.43,Support of Localised Service Area (SoLSA); Service description; Stage 1,S1
02.48,Security mechanisms for the SIM Application Toolkit; Stage 1,C6
02.53,Tandem Free Operation (TFO); Service description; Stage 1,S4
02.56,"GSM Cordless Telephony System (CTS), Phase 1; Service description; Stage 1",S1
02.57,Mobile Station Application Execution Environment (MExE) Service description Stage 1,S1
02.60,General Packet Radio Service Stage 1 Description,S1
02.63,Packet Data on Signalling channels Service (PDS); Stage 1,S1
02.66,Support of Mobile Number Portability (MNP); Service description; Stage 1,S1
02.67,Enhanced Multi-Level Precedence and Pre-emption Service (eMLPP); Stage 1,S1
02.68,Voice Group Call Service (VGCS); Stage 1,S1
02.69,Voice Broadcast Service (VBS); Stage 1,S1
02.71,Location Services (LCS); Stage 1,S1
02.72,Call Deflection Service description; Stage 1,S1
02.76,Noise Suppression for the AMR,S4
02.78,Customized Applications for Mobile network Enhanced Logic (CAMEL); Service definition (Stage 1),S1
02.79,Support of Optimal Routeing (SOR); Service definition (Stage 1),S1
02.81,Line Identification Supplementary Services; Stage 1,S1
02.82,Call Forwarding (CF) Supplementary Services; Stage 1,S1
02.83,Call Waiting (CW) and Call Hold (HOLD) Supplementary Services; Stage 1,S1
02.84,MultiParty (MPTY) Supplementary Services; Stage 1,S1
02.85,Closed User Group (CUG) Supplementary Services; Stage 1,S1
02.86,Advice of Charge (AoC) Supplementary Services; Stage 1,S1
02.87,User-to-User Signalling (UUS) Service Description; Stage 1,S1
02.88,Call Barring (CB) Supplementary Services; Stage 1,S1
02.90,Unstructured Supplementary Service Data (USSD); Stage 1,S1
02.91,Explicit Call Transfer (ECT),S1
02.93,Completion of Calls to Busy Subcriber (CCBS) Service  Description; Stage 1,S1
02.94,Follow Me Service description; Stage 1,S1
02.95,Support of Private Numbering Plan (SPNP); Service description; Stage 1,S1
02.96,Name Identification Supplementary Services; Stage 1,S1
02.97,Multiple Subscriber Profile (MSP) Phase 1; Service description; Stage 1,S1
03.01,Network Functions,S2
03.01U,"Framework of network requirements, interworking and integration for the Universal Mobile Telecommunication System",SP
03.02,Network Architecture,S2
03.02U,"Technical characteristics, capabilities and limitations of mobile satellite systems aplicable to the UMTS",SMG
03.03,"Numbering, Addressing and Identification",C4
03.04,Signalling Requirements Relating to Routing of Calls to Mobile Subscribers,C4
03.05,Technical performance objectives,CP
03.06,Availability and Reliability Objectives,SMG3
03.07,Restoration Procedures,C4
03.08,Organization of Subscriber Data,C4
03.09,Handover Procedures,C4
03.10,GSM Public Land Mobile Network (PLMN) Connection Types,C3
03.11,Technical Realization of Supplementary Services - General Aspects,C4
03.12,Location Registration Procedures,C4
03.12dcs,Location Registration Procedures (DCS 1800),C4
03.13,Discontinuous Reception (DRX) in the GSM System,R6
03.14,Support of Dual Tone Multi-Frequency Signalling (DTMF) via the GSM System,C1
03.15,Technical Realization of Operator Determined Barring (ODB),C4
03.16,Subscriber Data Management,C4
03.18,Basic Call Handling,C4
03.19,Subscriber Identity Module Application Programming Interface (SIM API) for Java Card,C6
03.20,Security-related network functions,S3
03.20ext,Security-related fetwork functions (Ext),S3
03.21,Cryptological Algorithms,SMG
03.22,Functions related to Mobile Station (MS) in idle mode and group receive mode,R6
03.26,Multiband operation of GSM/DCS 1800 by a single operator,R6
03.30,Radio Network Planning Aspects,R6
03.31,Fraud Information Gathering System (FIGS); Service description; Stage 2,S3
03.32,Universal Geographical Area Description (GAD),S2
03.33,3G Security; Lawful Interception; Stage 2,S3
03.34,High Speed Circuit Switched Data (HSCSD); Stage 2,C1
03.35,Immediate Service Termination (IST); Stage 2,S3
03.38,Alphabets and language-specific information,C1
03.39,Digital Cellular Telecommunications System (Phase 2) Interface Protocols for the Connection of Short Message Service Centers (SMSCs) to Short Message Entities (SMEs),T2
03.40,Technical realization of the Short Message Service (SMS),C1
03.41,Technical Realization of Short Message Service Cell Broadcast (SMSCB),C1
03.42,SMS Compression,C1
03.43,Support of Videotex,C3
03.44,Support of Teletex in a GSM Public Land Mobile Network (PLMN),C3
03.45,Technical Realization of Facsimile Group 3 Service - transparent,C3
03.46,Technical Realization of Facsimile Group 3 Service - non transparent,C3
03.47,Example Protocol Stacks for Interconnecting Service Centre(s) (SC) and Mobile Services Switching Centre(s) (MSC),C4
03.48,Security mechanisms for SIM application toolkit; Stage 2,C6
03.49,Example protocol stacks for interconnecting Cell Broadcast Centre (CBC) and Base Station Controler (BSC),C1
03.50,Transmission Planning Aspects of the Speech Service in the GSM Public Land Mobile Network (PLMN) System,S4
03.51,GSM/EDGE Radio Access Network (GERAN) overall description; Stage 2,G1
03.52,Lower layers of the GSM Cordless Telephony System (CTS) radio interface; Stage 2,R6
03.53,Tandem Free Operation (TFO); Service description; Stage 2,S4
03.54,Description for the use of a Shared Inter Working Function (SIWF) in a GSM PLMN; Stage 2,C3
03.55,Dual Transfer Mode (DTM); Stage 2,R6
03.56,"GSM Cordless Telephony System (CTS), Phase 1; CTS Architecture Description; Stage 2",S2
03.57,Mobile Station Application Execution Environment (MExE); Functional description; Stage 2,S2
03.58,"Characterisation, test methods and quality assessment for handsfree Mobile Stations (MSs)",S4
03.59,Location services (LCS) GERAN; Stage 2,G1
03.60,General Packet Radio Service (GPRS); Service description; Stage 2,S2
03.63,"Packet Data on Signalling channels service (PDS) Service description, Stage 2",C1
03.64,General Packet Radio Service (GPRS); Overall description of the GPRS radio interface; Stage 2,R6
03.66,Support of GSM Mobile Number Portability (MNP); Stage 2,C4
03.67,Enhanced Multi-Level Precedence and Pre-emption Service (eMLPP); Stage 2,C4
03.68,Voice Group Call Service (VGCS); Stage 2,C1
03.69,Voice Broadcast Service (VBS); Stage 2,C1
03.70,Routeing of Calls to/from Public Data Networks (PDN),C3
03.71,Location Services (LCS); Functional description; Stage 2,S2
03.72,Call Deflection  stage 2,C4
03.73,Support of Localised Service Area (SoLSA); Stage 2,C4
03.78,Ccustomized Applications for Mobile network Enhanced Logic (CAMEL) Phase 2; Stage 2,C4
03.79,Support of Optimal Routeing phase 1; Stage 2,C4
03.81,Line Identification Supplementary Services; Stage 2,C4
03.82,Call Forwarding (CF) Supplementary Services; Stage 2,C4
03.83,Call Waiting (CW) and Call Hold (HOLD) Supplementary Services; Stage 2,C4
03.84,Multi Party (MPTY) Supplementary Services; Stage 2,C4
03.85,Closed user Group (CUG) Supplementary Services; Stage 2,C4
03.86,Advice of Charge (AoC) Supplementary Services; Stage 2,C4
03.87,User-to-user signalling (UUS); Stage 2,C4
03.88,Call Barring (CB) supplementary services; Stage 2,C4
03.90,Unstructured Supplementary Service Data (USSD),C4
03.91,Explicit Call Transfer (ECT) Supplementary Service; Stage 2,C4
03.93,Technical realization of Completion of Calls to Busy Subscriber (CCBS); Stage 2,C4
03.96,Name Identification Supplementary Services; Stage 2,C4
03.97,Multiple subscriber Profile (MSP); Stage 2,C4
04.01,Mobile Station - Base Station System (MS - BSS) Interface General Aspects and Principles,C1
04.02,GSM Public Land Mobile Network (PLMN) Access Reference Configuration,C1
04.03,Mobile Station - Base Station System (MS - BSS) Interface Channel Structures and Access Capabilities,R6
04.04,Layer 1 - General Requirements,R6
04.05,Data Link (DL) Layer General Aspects,R6
04.06,Mobile Station - Base Stations System (MS - BSS) Interface Data Link (DL) Layer Specification,R6
04.07,Mobile Radio Interface Signalling Layer 3 - General Aspects,C1
04.08,Mobile radio interface layer 3 specification,C1
04.08dcs,Mobile radio interface layer 3 specification (DCS 1800),C1
04.08ext,"Mobile radio interface layer 3 specification, part 1 (Ext)",C1
04.09,Mobile Management Entity Specification,SMG3
04.10,Mobile Radio Interface  Layer 3 - Supplementary Services Specification - General Aspects,C4
04.11,Point-to-Point  (PP) Short Message Service (SMS) Support on Mobile Radio Interface,C1
04.12,Short Message Service Cell Broadcast (SMSCB) Support on the Mobile Radio Interface,R6
04.13,Performance Requirements on Mobile Radio Interface,C1
04.14,Individual equipment type requirements and interworking; Special conformance testing functions,R6
04.18,Mobile radio interface layer 3 specification; Radio Resource Control (RRC) protocol,R6
04.21,Rate Adaption on the Mobile Station - Base Station System (MS-BSS) Interface,C3
04.22,Radio Link Protocol (RLP) for data and telematic services on the Mobile Station - Base Station System (MS - BSS) interface and the Base Station System - Mobile-services Switching Centre (BSS - MSC) interface,C3
04.30,Location Services (LCS); Supplementary service operations; Stage 3,C4
04.31,Location Services (LCS); Mobile Station (MS) - Serving Mobile Location Centre (SMLC) Radio Resource LCS Protocol (RRLP),R6
04.35,Location Services (LCS); Broadcast network assistance for Enhanced Observed Time Difference (E-OTD) and Global Positioning System (GPS) positioning methods,R6
04.56,"GSM Cordless Telephony System (CTS), (Phase 1) CTS Radio Interface Layer 3 Specification",C1
04.57,"GSM Cordless Telephony System (CTS), (Phase 1) CTS CTS supervising system Layer 3 Specification",C1
04.60,General Packet Radio Service (GPRS); Mobile Station (MS) - Base Station System (BSS) interface; Radio Link Control/ Medium Access Control (RLC/MAC) protocol,R6
04.63,"Packet Data on Signalling channels Service (PDS) Service Description, Stage 3",C1
04.64,General Packet Radio Service (GPRS); Mobile Station - Serving GPRS Support Node (MS-SGSN) Logical Link Control (LLC) layer specification,C1
04.65,General Packet Radio Service (GPRS); Mobile Station (MS) - Serving GPRS Support Node (SGSN); Subnetwork Dependent Convergence Protocol (SNDCP),C1
04.67,Enhanced Multi-Level Precedence and Pre-emption service (eMLPP); Stage 3,C4
04.68,Group Call Control (GCC) Protocol,C1
04.69,Broadcast Call Control (BCC) protocol,C1
04.71,Location Services (LCS); Mobile radio interface layer 3 specification,R6
04.72,Call Deflection (CD) Supplementary Service; Stage 3,C4
04.80,Mobile Radio Interface Layer 3 - Supplementary Services Specification Formats and Coding,C4
04.81,Line Identification Supplementary Services; Stage 3,C4
04.82,Call Forwarding (CF) Supplementary Services; Stage 3,C4
04.83,Call Waiting (CW) and Call Hold (HOLD) Supplementary Services; Stage 3,C4
04.84,Multi Party (MPTY) Supplementary Services; Stage 3,C4
04.85,Closed User Group (CUG) Supplementary Services; Stage 3,C4
04.86,Advice of Charge (AoC) Supplementary Services; Stage 3,C4
04.87,User-to-User Signalling (UUS) Supplementary Service; Stage 3,C4
04.88,Call Barring (CB) Supplementary Services; Stage 3,C4
04.90,Unstructured Supplementary Service Data (USSD),C4
04.91,Explicit Call Transfer (ECT) Supplementary Service; Stage 3,C4
04.93,Completion of Calls to Busy Subscriber (CCBS); Stage 3,C4
04.96,Name Identification Supplementary Services; Stage 3,C4
05.01,Physical layer on the radio path; General description,R6
05.01dcs,Physical Layer on the Radio Path (General Description) (DCS 1800),R6
05.01U,Universal Mobile Telecommunications System (UMTS); Objectives and framework for the Telecommunications Management Network (TMN) of the UMTS,SP
05.02,Multiplexing and Multiple Access on the Radio Path,R6
05.03,Channel coding,R6
05.04,Modulation,R6
05.05,Radio Transmission and Reception,R6
05.05dcs,Radio Transmission and Reception (DCS 1800),R6
05.06,Power Control Mechanisms,SMG2
05.07,Radio Subsystem Organization and Performance,SMG2
05.08,Radio subsystem link control,R6
05.08dcs,Radio Subsystem Link Control (DCS 1800),R6
05.09,Link adaptation,R6
05.10,Radio subsystem synchronization,R6
05.14,Release independent frequency bands; Implementation guidelines,R6
05.15,Release independent Downlink Advanced Receiver Performance (DARP); Implementation guidelines,R6
05.22,Radio link management in hierarchical networks,R6
05.50,Background for RF Requirements,R6
05.56,"GSM Cordless Telephony System (CTS), Phase 1; CTS-Fixed Part (FP) radio subsystem",R6
05.90,GSM Electromagnetic Compatibility (EMC) considerations,R6
06.01,Full Rate Speech Processing Functions,S4
06.01U,Universal Mobile Telecommunications System (UMTS); Quality requirements for speech and associated channel coding for the UMTS,SP
06.02,Half Rate Speech Processing Functions,S4
06.02U,Universal Mobile Telecommunications System (UMTS); Quality requirements and selection procedure for the support of voice- band data coding for the UMTS,SP
06.06,Half Rate Speech:  ANSI-C Code for GSM Half Rate Speech Codec,S4
06.07,Half Rate Speech: Test Sequence for GSM Half Rate Speech Codec,S4
06.08,Half Rate Speech; Performance Characterization of the GSM Half Rate speech codec,S4
06.10,Full Rate Speech Transcoding,S4
06.11,Substitution and Muting of Lost Frames for Full Rate Speech Channels,S4
06.12,Comfort Noise Aspects for Full Rate Speech Traffic Channels,S4
06.20,Half Rate Speech Transcoding,S4
06.21,Half rate speech; Substitution and muting of lost frames for half rate speech traffic channels,S4
06.22,Comfort Noise Aspects for Half Rate Speech Traffic Channels,S4
06.31,Discontinuous Transmission (DTX) for Full Rate Speech Traffic Channels,S4
06.32,Voice Activity Detection (VAD),S4
06.41,Discontinuous Transmission (DTX) for Half Rate Speech Traffic Channels,S4
06.42,Voice Activity Detection (VAD) for Half Rate Speech Traffic Channels,S4
06.51,GSM Enhanced full rate speech processing functions: General description,S4
06.53,ANSI-C code for the GSM Enhanced Full Rate (EFR) speech codec,S4
06.54,Test sequences for the GSM Enhanced Full Rate (EFR),S4
06.55,Performance characterisation of the GSM EFR Speech Codec,S4
06.60,Enhanced full rate speech transcoding,S4
06.61,Substitution and muting of lost frames for encanced full rate speech traffic channels,S4
06.62,Comfort noise aspects for Enhanced Full Rate (EFR) speech traffic channels,S4
06.71,Adaptive Multi-Rate speech processing functions; General description,S4
06.73,Adaptive Multi Rate (AMR) speech; ANSI-C code for the AMR speech codec,S4
06.74,Test sequences for the GSM Adaptive Multi Rate (AMR) speech codec,S4
06.75,Performance characterization of the GSM Adaptive Multi-Rate (AMR) speech codec,S4
06.76,Adaptive Multi-Rate (AMR) speech codec; Study phase report,S4
06.77,Minimum Performance Requirements for Noise Suppresser Application to the AMR Speech Encoder,S4
06.78,Results of the AMR noise suppression selection phase,S4
06.81,Discontinuous Transmission (DTX) for encanced full rate speech traffic channels,S4
06.82,Voice Activity Detection (VAD) for enhanced full rate speech traffic channels,S4
06.85,"Subjective tests on the interoperability of the HR/FR/EFR speech codecs; single, tandem and tandem free operation",S4
06.90,Adaptive Multi-Rate speech transcoding,S4
06.91,Substitution and muting of lost frames for AMR speech traffic channels,S4
06.92,Comfort noise aspects for Adaptive Multi-Rate speech traffic channels,S4
06.93,Discontinuous Transmission (DTX) for Adaptive Multi-Rate speech traffic channels,S4
06.94,Voice Activity Detector (VAD) for Adaptive Multi Rate (AMR) speech traffic channels,S4
07.01,General on Terminal Adaptation Functions (TAF) for Mobile Stations (MS),C3
07.01U,Universal Mobile Telecommunications System (UMTS); Integration of audio/visual source coding into UMTS,SP
07.02,Terminal Adaptation Functions (TAF) for Services Using Asynchronous Bearer Capabilities,C3
07.03,Terminal Adaptation Functions (TAF) for Services Using Synchronous Bearer Capabilities,C3
07.04,Adaptors for Packet Mode Data Services,SMG3
07.05,Use of Data Terminal Equipment - Data Circuit Terminating Equipment (DTE-DCE) Interface for Short Message Services (SMS) and Cell Broadcast Services (CBS),C1
07.06,Use of the V Series Data Terminal Equipment - Data Circuit Terminating Equipment (DTE-DCE) Interface at the Mobile Station (MS) for Mobile Termination (MT) configuration,T2
07.07,AT Command set for GSM Mobile Equipment (ME),C1
07.08,GSM Application Programming Interface,C1
07.10,Terminal Equipment to Mobile Station (TE-MS) multiplexer protocol,C3
07.60,General Packet Radio Service (GPRS); Mobile Station (MS) supporting GPRS,C3
08.01,General Aspects on the BSS-MSC Interface,R6
08.02,Base Station System - Mobile Services Switching Centre (BSS-MSC) Interface - Interface Principles,R6
08.04,Base Station System - Mobile Services Switching Centre (BSS-MSC) Interface Layer 1 Specification,R6
08.05,Data Link Layer - General Aspects,SMG3
08.06,Signalling Transport Mechanism Specification for the Base Station System - Mobile Services Switching Centre (BSS-MSC) Interface,R6
08.07,Layer 3 - General Aspects,SMG3
08.08,Mobile-services Switching Centre - Base Station system (MSC-BSS) Interface Layer 3 Specification,R6
08.08ext,Mobile-services Switching Centre - Base Station system (MSC-BSS) Interface Layer 3 Specification (DCS 1800),R6
08.14,General Packet Radio Service (GPRS); Base Station System (BSS) - Serving GPRS Support Node (SGSN) interface; Gb Interface Layer 1,R6
08.16,General Packet Radio Service (GPRS); Base Station System (BSS) - Serving GPRS Support Node (SGSN) Interface; Network Service,R6
08.18,General Packet Radio Service (GPRS); Base Station System (BSS) - Serving GPRS Support Node (SGSN); BSS GPRS Protocol,R6
08.20,Rate Adaptation on the Base Station System - Mobile Service Switching Centre (BSS-MSC) Interface,C3
08.31,Location Services (LCS): Serving Mobile Location Centre - Serving Mobile Location Centre (SMLC - SMLC); SMLCPP specification,R6
08.51,Base Station Controller - Base Tranceiver Station (BSC-BTS) Interface General Aspects,R6
08.52,Base Station Controller - Base Tranceiver Station (BSC-BTS) Interface - Interface Principles,R6
08.54,BSC-BTS Layer 1; Structure of Physical Circuits,R6
08.56,BSC-BTS Layer 2; Specification,R6
08.58,Base Station Controler - Base Transceiver Station  (BCS-BTS) Interface Layer 3 Specification,R6
08.58dcs,Base Station Controler - Base Transceiver Station  (BCS-BTS) Interface (DCS 1800),R6
08.58ext,Base Station Controler - Base Transceiver Station  (BCS-BTS) Interface (Ext),R6
08.59,BSC-BTS O&M Signalling Transport,R6
08.60,In-band control of remote transcoders and rate adaptors for Enhanced Full Rate (EFR) and full rate traffic channels,R6
08.61,In-band control of remote transcoders and rate adaptors for half rate traffic channels,R6
08.62,Inband Tandem Free Operation (TFO) of Speech Codecs; Service Description; Stage 3,S4
08.71,Location Services (LCS); Serving Mobile Location Centre - Base Station System (SMLC-BSS) interface; Layer 3,R6
09.01,General Network Interworking Scenarios,C4
09.01U,UMS Security as[ects; Part 01: Security aspects for UMS,SMG5
09.02,Mobile Application Part (MAP) Specification,C4
09.02dcs,Mobile Application Part (MAP) Specification (DCS 1800),C4
09.03,Signalling Requirements on Interworking between the Intergrated Services Digital Network (ISDN) or Public Switched Telephone Network (PSTN) and the Public Land Mobile Network (PLMN),C3
09.04,Interworking between the Public Land Mobile Network (PLMN) and the Circuit Switched Public Data Network (CSPDN),C3
09.05,Interworking between the PLMN and the PSPDN for PAD Access,C3
09.06,Interworking between a Public Land Mobile Network (PLMN) and a Packet Switched Public Data Network/Intergrated Services digital Network (PSPDN/ISDN) for Support of Packet Switched Data Transmission Services,C3
09.07,General Requirements on Interworking between the Public Land Mobile Network (PLMN) and the Intergrated Services Digital Network (ISDN) or Public Switched Telephone Network (PSTN),C3
09.08,Application of the Base Station System Application Part (BSSAP) on the E-Interface,C1
09.09,Detailed Signalling Interworking within the PLMN and with the PSTN/ISDN,N4
09.10,Information Element Mapping between Mobile Station - Base Station System (MS - BSS) and Base Station System - Mobile-services Switching Centre (BSS - MCS) Signalling Procedures and the Mobile Application Part (MAP),C4
09.10dcs,Information Element Mapping between Mobile Station - Base Station System (MS - BSS) and Base Station System - Mobile-services Switching Centre (BSS - MCS) Signalling Procedures and the Mobile Application Part (MAP) (DCS 1800),C4
09.11,Signalling Interworking for Supplementary Services,C4
09.13,Signalling interworking between ISDN supplementary services Application Service Element (ASE) and Mobile Application Part (MAP) protocols,C4
09.16,General Packet Radio Service (GPRS); Serving GPRS Support Node (SGSN) - Visitors Location Register (VLR); Gs interface network service specification,C1
09.18,General Packet Radio Service (GPRS); Serving GPRS Support Node (SGSN) - Visitors Location Register (VLR); Gs interface layer 3 specification,C1
09.31,Location Services (LCS); Base Station System Application Part LCS Extension (BSSAP-LE),R6
09.60,General Packet Radio Service (GPRS); GPRS Tunnelling Protocol GPT) across the Gn and Gp Interface,C4
09.61,General Packet Radio Service (GPRS); Interworking between the Public Land Mobile Network (PLMN) supporting GPRS and Packet Data Networks (PDN),C3
09.78,CAMEL Application Part phase 2 (stage 3),C4
09.90,Interworking between Phase 1 Infrastructure and Phase 2 Mobile Stations (MS),C1
09.91,Interworking Aspects of the SIM/ME Interface Between Phase 1 and Phase 2,C6
09.94,Recommended infrastructure measures to overcome specific Mobile Station (MS) faults,C1
09.95,General Packet Radio Service (GPRS); Interworking between modified Public Land Mobile Network (PLMN) supporting GPRS and legacy GPRS mobiles,R6
10.00,Digital Cellular Telecommunication System Feature Description,S2
10.01,GSM features and releases,SMG3
10.02,Guidelines for the modification of the Mobile Application Part (MAP) in phase 2+,C4
10.03,"Short Message Service, Mobile Originated, Point-to-Point",SMG
10.04,Short Message Service. Cell Broadcast,SMG
10.05,Data MHS Access,SMG
10.14,System overview for 14.4 kbit/s Work Item,S2
10.20,Lawful Interception requirements for GSM,S3
10.43,Support of Localised Service Area (SoLSA); Work Item Status,S1
10.56,"Project scheduling and open issues: GSM Cordless Telephony System CTS, Phase 1",S2
10.57,Project scheduling and open issues: Mobile Station Execution Environment (MExE),T2
10.59,Project scheduling and open issues for EDGE,R6
10.60,General Packet Radio Services (GPRS); Project Scheduling and Open Issues,S2
10.66,Support of Mobile Number Portability (MNP); Project plan,S1
10.68,"Introduction to the services: enhanced Multi-Level Precedence and Pre-emption (eMLPP), Voice Group Call Service (VGCS), Voice Broadcast Service (VBS)",S2
10.70,GSM Adaptive Multi-Rate Speech Codec (AMR); Project schedule and open issues for AMR,S4
10.71,Project scheduling and open issues:Location services (LCS),S1
10.76,Noise suppression for the AMR codec; Project scheduling and open issues,S4
10.78,Project scheduling and open issues: CAMEL,S2
10.87,User to User Signalling (UUS),S2
10.89,GSM to other Systems Handover and Cell Selection/Reselection; Project scheduling and open issues;,GP
10.94,Follow Me supplementary service,SP
11.10,Mobile Station Conformity Specification,R5
11.10-1,Mobile station (MS) conformance specification; Part 1: Conformance specification,R5
11.10-2,Mobile station (MS) conformance specification; Part 2: Protocol Implementation Conformance Statement (PICS) proforma specification,R5
11.10-3,Mobile Station (MS) conformance specification; Part 3: Layer3 (L3) Abstract Test Suite (ATS),R5
11.10-4,Mobile Station (MS) conformance specification; Part 4: Subscriber Identity Module (SIM) application toolkit conformance test specification,C6
11.10-5,Mobile Station (MS) conformance specification; Part 5: GERAN / UTRAN interaction Abstract Test Suite (ATS),G3new
11.10dcs,Mobile Station Conformity Specification (DCS 1800),R5
11.11,Specification of the Subscriber Identity Module - Mobile Equipment (SIM-ME) Interface,C6
11.11dcs,Specification of the Subscriber Identity Module - Mobile Equipment (SIM-ME) Interface (DCS 1800),C6
11.12,Specification on the 3 volt subscriber identity module Equipment (SIM-ME)  Interface,C6
11.13,Test specification for Subscriber Interface Module (SIM) Application Programme Interface (API) for Java card,C6
11.14,Specification of the SIM Application Toolkit (SAT) for the Subscriber Identity Module - Mobile Equipment (SIM-ME) interface,C6
11.17,Subscriber Identity Module (SIM) test specification,C6
11.18,Specification of the 1.8 Volt Subscriber Identity Module - Mobile Equipment (SIM - ME) Interface,C6
11.19,CTS SIM Fixed Part,C6
11.20,GSM DCS 1800 Base Station Specification,R6
11.20dcs,GSM DCS 1800 Base Station Specification,R6
11.21,Base Station System (BSS) equipment specification; Radio aspects,R6
11.22,"GSM Base Station and Ancillary Equipment, Physical and Electronical Parameters, Application of Standards and Guidance Notes",R6
11.23,GSM Signalling Aspects Base Station System equipment Specification,R6
11.24,GSM Transcoding and Rate Adaptation: Base Station System Equipment Specification,R6
11.25,The GSM Base Station System (BSS) Equipment specification Half-rate speech,G1
11.26,Base Station System (BSS) equipment specification; Part 4: Repeaters,R6
11.30,Mobile Services Switching Centre,R6
11.31,Home Location Register Specification,R6
11.32,Visitor Location Register Specification,R6
11.40,GSM System Simulator specification,R5
11.40dcs,DCS 1800 System Simulator conformity specification,R5
11.50,System Description,SMG1
12.00,Objectives and Structure of GSM Public Land Mobile Network (PLMN) Management,S5
12.01,Network Management (NM); Part 2: Common aspects of SM/DCS 1800 Network Management,S5
12.01U,Framework for satellite integration with the UMTS,SMG5
12.02,"Subscriber, Mobile Equipment (ME) and Services Data Administration",S5
12.02U,"Technical characteristics, capabilities and limitations of mobile sate llite systems applicable to the UMTS",SMG5
12.03,Security Management,S5
12.04,Performance data measurements,S5
12.05,Subscriber Related Call and Event Data,S5
12.06,Network Configuration Management and Administration,S5
12.08,Subscriber and Equipment trace,S5
12.10,Maintenance Provisions for Operational Integrity of MSs,S5
12.11,Fault management of the Base Station System (BSS),S5
12.12,Maintenance of Circuits betweenMobile System Entities,SMG
12.13,Maintenance of the Mobile-services Switching Centre,S5
12.14,Maintenance of Location Registers,S5
12.15,General Packet Radio Service (GPRS); GPRS Charging,S5
12.20,Base Station System (BSS) Management Information,S5
12.21,Network Management (NM) procedures and messages on the A-bis interface,R6
12.22,Interworking of GSM Network Management (NM) Procedures and Messages at the Base Station Controller (BSC),R6
12.30,ETSI Object Identifier Tree; Mobile Domain O&M,S5
12.71,Location Services (LCS); Location services management,S5
21.010,reserved,SP
21.01U,Requirements for the UMTS Terrestrial Radio Access (UTRA) system,R6
21.02U,High level requirements relevant for the definition of the UMTS Terrestrial Radio Access UTRA concept,GP
21.101,Technical Specifications and Technical Reports for a UTRAN-based 3GPP system,SP
21.102,3rd Generation mobile system Release 4 specifications,SP
21.103,3rd Generation mobile system Release 5 specifications,SP
21.104,Technical Specifications and Technical Reports for a UTRAN-based 3GPP system (Rel-6),SP
21.111,USIM and IC card requirements,C6
21.133,3G security; Security threats and requirements,S3
21.201,Technical Specifications and Technical Reports for an Evolved Packet System (EPS) based 3GPP system,SP
21.202,Technical Specifications and Technical Reports relating to the Common IP Multimedia Subsystem (IMS),SP
21.205,Technical Specifications and Technical Reports for a 5G based 3GPP system,SP
21.801,Specification drafting rules,SP
21.802,Study on Modernization of Specification Format and Procedures for 6G,SP
21.810,Report on multi-mode UE issues; ongoing work and identified additional work,T2
21.866,Study on Energy Efficiency Aspects of 3GPP Standards,SP
21.877,Radio optimization impacts on the Packet Switched (PS) domain architecture,S2
21.900,Technical Specification Group working methods,SP
21.902,Evolution of 3GPP system,SP
21.904,User Equipment (UE) capability requirements,C1
21.905,Vocabulary for 3GPP Specifications,SP
21.910,"Multi-mode UE issues; categories, principles and procedures",C1
21.914,Release 14 Description; Summary of Rel-14 Work Items,SP
21.915,Release 15 Description; Summary of Rel-15 Work Items,SP
21.916,Release 16 Description; Summary of Rel-16 Work Items,SP
21.917,Release 17 Description; Summary of Rel-17 Work Items,SP
21.918,Release 18 Description; Summary of Rel-18 Work Items,SP
21.978,Feasibility Technical Report; CAMEL Control of VoIP Services,C4
22.001,Principles of circuit telecommunication services supported by a Public Land Mobile Network (PLMN),S1
22.002,Circuit Bearer Services (BS) supported by a Public Land Mobile Network (PLMN),S1
22.003,Circuit Teleservices supported by a Public Land Mobile Network (PLMN),S1
22.004,General on supplementary services,S1
22.011,Service accessibility,S1
22.016,International Mobile station Equipment Identities (IMEI),S1
22.01U,Universal Mobile Telecommunications System (UMTS): Service aspects; Service principles,S1
22.022,Personalisation of Mobile Equipment (ME); Mobile functionality specification,S1
22.024,Description of Charge Advice Information (CAI),S1
22.030,Man-Machine Interface (MMI) of the User Equipment (UE),S1
22.031,3G Security; Fraud Information Gathering System (FIGS); Service description; Stage 1,S3
22.032,Immediate Service Termination (IST); Service description; Stage 1,S3
22.034,High Speed Circuit Switched Data (HSCSD); Stage 1,S1
22.038,(U)SIM Application Toolkit (USAT); Service description; Stage 1,S1
22.041,Operator Determined Barring (ODB),S1
22.042,Network Identity and TimeZone (NITZ); Service description; Stage 1,S1
22.043,Support of Localized Service Area (SoLSA); Service description; Stage 1,S1
22.048,Security mechanisms for the (U)SIM application toolkit; Stage 1,C6
22.053,Tandem Free Operation (TFO); Service description; Stage 1,S4
22.057,Mobile Execution Environment (MExE); Service description; Stage 1,S1
22.060,General Packet Radio Service (GPRS); Service description; Stage 1,S1
22.066,Support of Mobile Number Portability (MNP); Service description; Stage 1,S1
22.067,enhanced Multi Level Precedence and Pre-emption service (eMLPP); Stage 1,S1
22.071,Location Services (LCS); Service description; Stage 1,S1
22.072,Call Deflection (CD) service description; Stage 1,S1
22.076,Noise suppression for the AMR codec; Service description; Stage 1,S4
22.078,Customised Applications for Mobile network Enhanced Logic (CAMEL); Service description; Stage 1,S1
22.079,Support of Optimal Routeing (SOR); Service definition; Stage 1,S1
22.081,Line Identification supplementary services; Stage 1,S1
22.082,Call Forwarding (CF) Supplementary Services; Stage 1,S1
22.083,Call Waiting (CW) and Call Holding (HOLD); Supplementary Services; Stage 1,S1
22.084,MultiParty (MPTY) supplementary service; Stage 1,S1
22.085,Closed User Group (CUG) supplementary services; Stage 1,S1
22.086,Advice of Charge (AoC) supplementary services; Stage 1,S1
22.087,User-to-User Signalling (UUS); Service description; Stage 1,S1
22.088,Call Barring (CB) supplementary services; Stage 1,S1
22.090,Unstructured Supplementary Service Data (USSD); Stage 1,S1
22.091,Explicit Call Transfer (ECT) supplementary service; Stage 1,S1
22.093,"Completion of Calls to Busy Subscriber (CCBS); Service description, Stage 1",S1
22.094,Follow Me service description; Stage 1,S1
22.096,Name identification supplementary services; Stage 1,S1
22.097,Multiple Subscriber Profile (MSP) Phase 2; Service description; Stage 1,S1
22.100,UMTS Phase 1,S1
22.101,Service aspects; Service principles,S1
22.104,Service requirements for cyber-physical control applications in vertical domains,S1
22.105,Services and service capabilities,S1
22.112,USIM Application Toolkit (USAT) Interpreter; Stage 1,C6
22.115,Service aspects; Charging and billing,S1
22.119,Maritime communication services over 3GPP system,S1
22.121,Service aspects; The Virtual Home Environment (VHE); Stage 1,S1
22.125,Unmanned Aerial System (UAS) support in 3GPP,S1
22.127,Service requirement for the Open Services Access (OSA); Stage 1,S1
22.129,Service aspects; Handover requirements between UTRAN and GERAN or other radio systems,S1
22.135,Multicall; Service description; Stage 1,S1
22.137,Integrated Sensing and Communication,S1
22.140,Multimedia Messaging Service (MMS);  Stage 1,S1
22.141,Presence service; Stage 1,S1
22.142,Value Added Services (VAS)  for Short Message Service (SMS) requirements,S1
22.146,Multimedia Broadcast/Multicast Service (MBMS); Stage 1,S1
22.153,Multimedia priority service,S1
22.156,Mobile Metaverse Services,S1
22.167,(reserved for: Internet Protocol (IP) based IP Multimedia Subsystem (IMS) emergency sessions; Stage 1),S1
22.168,Earthquake and Tsunami Warning System (ETWS) requirements; Stage 1,S1
22.173,IP Multimedia Core Network Subsystem (IMS) Multimedia Telephony Service and supplementary services; Stage 1,S1
22.174,Push Service; Service aspects; Stage 1,S1
22.177,Speech-enabled services; Stage 1,S1
22.179,Mission Critical Push to Talk (MCPTT); Stage 1,S1
22.182,Customized Alerting Tones (CAT) requirements; Stage 1,S1
22.183,Customized Ringing Signal (CRS) requirements; Stage 1,S1
22.185,Service requirements for V2X services,S1
22.186,Service requirements for enhanced V2X scenarios,S1
22.220,Service requirements for Home Node B (HNB) and Home eNode B (HeNB),S1
22.226,Global Text Telephony (GTT); Stage 1,S1
22.227,Service requirements for the Open Service Access (OSA),S1
22.228,Service requirements for the Internet Protocol (IP) multimedia core network subsystem (IMS); Stage 1,S1
22.233,Transparent end-to-end packet-switched streaming service; Stage 1,S1
22.234,Requirements on 3GPP system to Wireless Local Area Network (WLAN) interworking,S1
22.240,Service requirements for 3GPP Generic User Profile (GUP); Stage 1,S1
22.242,Digital Rights Management (DRM); Stage 1,S1
22.243,Speech recognition framework for automated voice services; Stage 1,S1
22.246,Multimedia Broadcast/Multicast Service (MBMS) user services; Stage 1,S1
22.250,IP Multimedia Subsystem (IMS) Group Management; Stage 1,S1
22.258,Service requirements for an All-IP Network (AIPN); Stage 1,S1
22.259,Service requirements for Personal Network Management (PNM); Stage 1,S1
22.261,Service requirements for the 5G system,S1
22.262,Message service within the 5G System (5GS); Stage 1,S1
22.263,"Service requirements for Video, Imaging and Audio for Professional Applications (VIAPA)",S1
22.268,Public Warning System (PWS) requirements,S1
22.273,TISPAN; Multimedia Telephony with PSTN/ISDN simulation services,S1
22.278,Service requirements for the Evolved Packet System (EPS),S1
22.279,Combined Circuit Switched (CS) and IP Multimedia Subsystem (IMS) sessions; Stage 1,S1
22.280,Mission Critical Services Common Requirements (MCCoRe); Stage 1,S1
22.281,Mission Critical (MC) video,S1
22.282,Mission Critical (MC) data,S1
22.289,Mobile communication system for railways,S1
22.340,IP Multimedia Subsystem (IMS) messaging; Stage 1,S1
22.346,Isolated Evolved Universal Terrestrial Radio Access Network (E-UTRAN) operation for public safety; Stage 1,S1
22.368,Service requirements for Machine-Type Communications (MTC); Stage 1,S1
22.369,Service requirements for Ambient power-enabled IoT,S1
22.401,TISPAN; Videotelephony over NGN Service Description,S1
22.468,Group Communication System Enablers (GCSE),S1
22.495,TISPAN;Services and Capabilities Requirements,S1
22.519,Business communication requirements,S1
22.800,IP Multimedia Subsystem (IMS) subscription and access scenarios,S1
22.801,Study on non-MTC mobile data applications impacts,S1
22.802,Study on scenarios where multiple APNs are needed,S1
22.803,Feasibility study for Proximity Services (ProSe),S1
22.804,Study on Communication for Automation in Vertical domains (CAV),S1
22.805,Feasibility study on user plane congestion management,S1
22.806,Study on application-specific congestion control for data communication,S1
22.807,Study on enhancements for infrastructure-based data communication between devices,S1
22.808,Study on Flexible Mobile Service Steering (FMSS),S1
22.809,Feasibility study on support for 3GPP voice interworking with enterprise IP-PBX (VINE),S1
22.810,Study of enhanced call information presentation,S1
22.811,Review of network selection principles,S1
22.812,Study into network selection requirements for non-3GPP access,S1
22.813,Study of use cases and requirements for enhanced voice codecs for the Evolved Packet System (EPS),S1
22.814,Location Services (LCS) support in Evolved Packet Core (EPC) for non-3GPP accesses,S1
22.815,Study on Multimedia Broadcast Supplement for Public Warning System (MBSP),S1
22.816,3GPP enhancement for TV service,S1
22.817,Study on UICC/USIM enhancements,S1
22.818,Feasibility Study on Control of Applications when Third party Servers encounter difficulties,S1
22.819,Feasibility Study on Maritime Communication Services over 3GPP system,S1
22.820,Study on Provision of Local Operator Services,S1
22.821,Feasibility Study on LAN Support in 5G ,S1
22.822,Study on using satellite access in 5G,S1
22.823,Study on enhancements to IMS for new real time communication services ,S1
22.824,Study on 5G message service for MIoT,S1
22.825,Study on Remote Identification of Unmanned Aerial Systems (UAS),S1
22.826,Study on communication services for critical medical applications,S1
22.827,Study on Audio-Visual Service Production,S1
22.828,Study on co-ordinated Packet data network GateWay (PGW) Change for Selected IP Traffic Offload (CSIPTO),S1
22.829,Enhancement for Unmaned Aerial Vehicles (UAVs),S1
22.830,Study on business role models for network slicing ,S1
22.831,Study on Support for Minimization of service Interruption,S1
22.832,Study on enhancements for cyber-physical control applications in vertical domains,S1
22.833,Study on Enhancement of LTE for Efficient delivery of Streaming Service,S1
22.834,Study on support for devices with multiple Universal Subscriber Identity Modules (USIMs),S1
22.835,Study on enhanced access to and support of network slices,S1
22.836,Study on asset tracking use cases,S1
22.837,Study on Integrated Sensing and Communication,S1
22.838,Paging policy enhancements and procedure optimizations in LTE,S1
22.839,Study on vehicle-mounted relays,S1
22.840,Study on Ambient power-enabled Internet of Things,S1
22.841,"Study on Upper layer traffic steering, switching and split over dual 3GPP access",S1
22.842,Study on Network Controlled Interactive Service (NCIS) in the 5G System (5GS),S1
22.843,Study on on Additional capabilities of mobile networks for drone operations and managements,S1
22.844,Study on 5G Networks Providing Access to Localized Services,S1
22.847,Study on supporting tactile and multi-modality communication services ,S1
22.848,Feasibility Study on Interconnect of SNPN ,S1
22.850,Study on 3GPP AI/ML Consistency Alignment,SP
22.851,Study on Network Sharing Aspects,S1
22.852,Study on Radio Access Network (RAN) sharing enhancements,S1
22.853,Study on Service Exposure and Enablement Support (SEES) requirements,S1
22.854,Feasibility Study on Multimedia Priority Service (MPS) Phase 2,S1
22.855,Study on ranging-based services,S1
22.856,Study on Localized Mobile Metaverse Services,S1
22.857,Run-time independent framework feasibility study,S2
22.858,Study on enhancements for residential 5G,S1
22.859,Study on Personal Internet of Things (PIoT) networks,S1
22.861,Massive Internet of Things,S1
22.862,Feasibility study on new services and markets technology enablers for critical communications; Stage 1,S1
22.863,Feasibility study on new services and markets technology enablers for enhanced mobile broadband; Stage 1,S1
22.864,Feasibility study on new services and markets technology enablers for network operation; Stage 1,S1
22.865,Study on satellite access - Phase 3,S1
22.866,Enhanced relays for energy efficiency and extensive coverage,S1
22.867,Study on 5G smart energy and infrastructure,S1
22.868,Study on facilitating machine to machine communication in 3GPP systems,S1
22.869,Feasibility study on enhancements of Public Warning System (PWS),S1
22.870,Study on 6G Use Cases and Service Requirements ,S1
22.871,Study on non-voice emergency services,S1
22.872,Study on positioning use cases,S1
22.873,Study on evolution of the IP Multimedia Subsystem (IMS) multimedia telephony service,S1
22.874,5G System (5GS); Study on traffic characteristics and performance requirements for AI/ML model transfer,S1
22.875,Study on AI/ML Model Transfer Phase 2,S1
22.876,Study on AI/ML Model Transfer Phase2,S1
22.877,Study on roaming value added services,S1
22.878,Study on 5G timing resiliency system,S1
22.879,Feasibility study on Mission Critical (MC) video services over LTE,S1
22.880,Feasibility study on Mission Critical (MC) data communications,S1
22.881,Study on sharing administrative configuration information between interconnected Mission Critical (MCX) service systems,S1
22.882,Study on Energy Efficiency as service criteria,S1
22.883,Feasibility Study on Energy Efficiency as service criteria Phase 2,S1
22.885,Study on LTE support for Vehicle-to-Everything (V2X) services,S1
22.886,Study on enhancement of 3GPP support for 5G V2X services,S1
22.887,Feasibility Study on satellite access - Phase 4,S1
22.888,Study on enhancements  for Machine-Type Communications (MTC),S1
22.889,Study on Future Railway Mobile Communication System (FRMCS),S1
22.890,Study on supporting railway smart station services,S1
22.891,Study on new services and markets technology enablers,S1
22.892,Study on IMS Centralized Services (ICS) requirements,S1
22.893,Advanced requirements for IP interconnect,S1
22.894,Feasibility study on IP Multimedia Subsystem (IMS) network-independent public user identities,S1
22.895,Study on service aspects of integration of Single Sign-On (SSO) frameworks with 3GPP operator-controlled resources and mechanisms,S1
22.896,Study on continuity of data sessions to local networks,S1
22.897,Study on isolated Evolved Universal Terrestrial Radio Access Network (E-UTRAN) operation for public safety,S1
22.898,Study on user control dver spoofed calls,S1
22.899,Study on enhancements to user location reporting support,S1
22.903,Study on Videotelephony teleservice,S1
22.904,Study on user-centric identifiers and authentication,S1
22.906,Study on IMS based peer-to-peer content distribution services,S1
22.908,Study on Paging Permission with Access Control (PPAC),S1
22.912,Study into network selection requirements for non-3GPP access,S1
22.913,Location Services (LCS) support in Evolved Packet Core (EPC) for non-3GPP accesses,S1
22.916,Study on Network of Service Robots with Ambient Intelligence,S1
22.926,Guidelines for extraterritorial 5G Systems (5GS),S1
22.928,IP-based multimedia services examples,S1
22.934,Feasibility study on 3GPP system to Wireless Local Area Network (WLAN) interworking,S1
22.935,Feasibility study on Location Services (LCS) for Wireless Local Area Network (WLAN) interworking,S1
22.936,Multi-system terminals,S1
22.937,Requirements for service continuity between mobile and Wireless Local Area Network (WLAN) networks,S1
22.940,IP Multimedia Subsystem (IMS) messaging,S1
22.941,IP based multimedia framework; Stage 0,S1
22.942,Study on Value Added Services (VAS)  for Short Message Service (SMS),S1
22.944,Report on service requirements for UE functionality split,S1
22.945,Study of provision of fax service in GSM and UMTS,C3
22.946,Broadcast and multicast services,S1
22.947,Study on Personal Broadcast Service (PBS),S1
22.948,Study of requirements of IP-Multimedia Subsystem (IMS) convergent multimedia conferencing,S1
22.949,Study on a generalized privacy capability,S1
22.950,Priority service feasibility study,S1
22.951,Service aspects and requirements for network sharing,S1
22.952,Priority service guide,S1
22.953,Multimedia priority service feasibility study,S1
22.967,Transferring of emergency call data,S1
22.968,Study for requirements for a Public Warning System (PWS) service,S1
22.969,Feasibility study on enhancements of Public Warning System (PWS),S1
22.971,Automatic establishment of roaming relationships,S1
22.973,IMS Multimedia Telephony service; and supplementary services,S1
22.975,Advanced addressing,S1
22.976,Study on PS domain services and capabilities,S1
22.977,Feasibility study for speech-enabled services,S1
22.978,All-IP network (AIPN) feasibility study,S1
22.979,Feasibility study on combined Circuit Switched (CS) calls and IP Multimedia Subsystem (IMS) sessions,S1
22.980,Network composition feasibility study,S1
22.982,Study of Customised Alerting Tone (CAT) requirements,S1
22.983,Services alignment and migration,S1
22.984,Unauthenticated Packet Switched (PS) emergency calls,S1
22.985,Service requirements for the User Data Convergence (UDC),S1
22.986,Study on Service Specific Access Control,S1
22.987,Study of haptic services requirements,S1
22.988,Study on alternatives to E.164 for Machine-Type Communications (MTC),S1
22.989,Study on Future Railway Mobile Communication System,S1
22.990,Study on off-network for rail,S1
23.002,Network architecture,S2
23.003,"Numbering, addressing and identification",C4
23.007,Restoration procedures,C4
23.008,Organization of subscriber data,C4
23.009,Handover procedures,C4
23.011,Technical realization of Supplementary Services,C4
23.012,Location management procedures,C4
23.014,Support of Dual Tone Multi-Frequency (DTMF) signalling,C1
23.015,Technical realization of Operator Determined Barring (ODB),C4
23.016,Subscriber data management; Stage 2,C4
23.018,Basic call handling; Technical realization,C4
23.01U,General UMTS architecture,SMG12
23.031,3G Security; Fraud Information Gathering System (FIGS); Technical realization; Stage 2,S3
23.032,Universal Geographical Area Description (GAD),S2
23.034,High Speed Circuit Switched Data (HSCSD); Stage 2,C1
23.035,Immediate Service Termination (IST); Stage 2,S3
23.038,Alphabets and language-specific information,C1
23.039,Interface Protocols for the connection of Short Message Service Centers (SMSCs) to Short Message Entities (SMEs),C1
23.040,Technical realization of the Short Message Service (SMS),C1
23.041,Technical realization of Cell Broadcast Service (CBS),C1
23.042,Compression algorithm for text messaging services,C1
23.045,Technical Realization of Facsimile Group 3 Service - transparent,N3
23.048,Security mechanisms for the (U)SIM application toolkit; Stage 2,C6
23.053,Tandem Free Operation (TFO); Service description; Stage 2,S4
23.054,Shared Interworking Functions (SIWF); Stage 2,N3
23.057,Mobile Execution Environment (MExE); Functional description; Stage 2,S2
23.060,General Packet Radio Service (GPRS); Service description; Stage 2,S2
23.066,Support of Mobile Number Portability (MNP); Technical realization; Stage 2,C4
23.067,enhanced Multi-Level Precedence and Pre-emption Service (eMLPP); Stage 2,C4
23.069,Voice Broadcast service (VBS); Stage 2,N1
23.072,Call Deflection (CD) supplementary service; Stage 2,C4
23.073,Support of Localised Service Area (SoLSA); Stage 2,N4
23.078,Customised Applications for Mobile network Enhanced Logic (CAMEL) Phase 4; Stage 2,C4
23.079,Support of Optimal Routeing (SOR); Technical realization,C4
23.081,Line Identification supplementary services; Stage 2,C4
23.082,Call Forwarding (CF) supplementary services; Stage 2,C4
23.083,Call Waiting (CW) and Call Hold (HOLD) supplementary services; Stage 2,C4
23.084,Multi Party (MPTY) supplementary service; Stage 2,C4
23.085,Closed User Group (CUG) supplementary service; Stage 2,C4
23.086,Advice of Charge (AoC) supplementary services; Stage 2,C4
23.087,User-to-User Signalling (UUS) supplementary service; Stage 2,C4
23.088,Call Barring (CB) Supplementary Services; Stage 2,C4
23.090,Unstructured Supplementary Service Data (USSD); Stage 2,C4
23.091,Explicit Call Transfer (ECT) supplementary service; Stage 2,C4
23.093,Technical realization of Completion of Calls to Busy Subscriber (CCBS); Stage 2,C4
23.094,Follow-Me (FM); Stage 2,C4
23.096,Name identification supplementary services; Stage 2,C4
23.097,Multiple Subscriber Profile (MSP) (Phase 2); Stage 2,C4
23.101,General Universal Mobile Telecommunications System (UMTS) architecture,S2
23.107,Quality of Service (QoS) concept and architecture,S2
23.108,"Mobile radio interface layer 3 specification, core network protocols; Stage 2",C1
23.110,Universal Mobile Telecommunications System (UMTS) access stratum; Services and functions,S2
23.116,Super-Charger technical realization; Stage 2,C4
23.119,Gateway Location Register (GLR); Stage 2,C4
23.121,Architectural requirements for Release 1999,S2
23.122,Non-Access-Stratum (NAS) functions related to Mobile Station (MS) in idle mode,C1
23.125,Overall high level functionality and architecture impacts of flow based charging; Stage 2,S2
23.127,Virtual Home Environment (VHE) / Open Service Access (OSA),S2
23.135,Multicall supplementary service; Stage 2,C4
23.139,3GPP system - fixed broadband access network interworking; Stage 2,S2
23.140,Multimedia Messaging Service (MMS); Functional description; Stage 2,CP
23.141,Presence service; Architecture and functional description,S2
23.142,Value-added Services for SMS (VAS4SMS); Interface and signalling flow,C4
23.146,Technical realization of facsimile Group 3 non-transparent,C3
23.153,Out of band transcoder control; Stage 2,C4
23.161,Network-Based IP Flow Mobility (NBIFOM); Stage 2,S2
23.167,IP Multimedia Subsystem (IMS) emergency sessions,S2
23.168,reerved for: Earthquake and Tsunami Warning System Specification (ETWS),S2
23.171,Location Services (LCS); Functional description; Stage 2 (UMTS),S2
23.172,Technical realization of Circuit Switched (CS) multimedia service UDI/RDI fallback and service modification; Stage 2,C3
23.174,Push service; stage 2,S2
23.178,customized Applications for Mobile network Enhanced Logic (CAMEL) - IP Multimedia System (IMS) interworking; Stage 2,N2
23.179,Functional architecture and information flows to support mission critical communication services; Stage 2,S6
23.180,Mission critical services support in the Isolated Operation for Public Safety (IOPS) mode of operation,S6
23.182,reserved for: Architecture of IMS based Customized Alerting Tone (CAT),S2
23.195,Provision of User Equipment Specific Behaviour Information (UESBI) to network entities,S2
23.198,Open Service Access (OSA); Stage 2,CP
23.202,Circuit switched data bearer services,C3
23.203,Policy and charging control architecture,S2
23.204,Support of Short Message Service (SMS) over generic 3GPP Internet Protocol (IP) access; Stage 2,S2
23.205,Bearer-independent circuit-switched core network; Stage 2,C4
23.206,Voice Call Continuity (VCC) between Circuit Switched (CS) and IP Multimedia Subsystem (IMS); Stage 2,S2
23.207,End-to-end Quality of Service (QoS) concept and architecture,S2
23.209,Policy control over Gq interface,S2
23.20U,Evolution of the GSM platform towards UMTS,S2
23.214,Architecture enhancements for control and user plane separation of EPC nodes,S2
23.216,Single Radio Voice Call Continuity (SRVCC); Stage 2,S2
23.218,IP Multimedia (IM) session handling; IM call model; Stage 2,C1
23.221,Architectural requirements,S2
23.222,Common API Framework for 3GPP Northbound APIs,S6
23.226,Global text telephony (GTT); Stage 2,S2
23.227,Application and user interaction in the User Equipment (UE); Principles and specific requirements,S2
23.228,IP Multimedia Subsystem (IMS); Stage 2,S2
23.231,SIP-I based circuit-switched core network; Stage 2,C4
23.232,IMS aspects of architecture for Home Node B (HNB),S2
23.234,3GPP system to Wireless Local Area Network (WLAN) interworking; System description,S2
23.236,Intra-domain connection of Radio Access Network (RAN) nodes to multiple Core Network (CN) nodes,S2
23.237,IP Multimedia Subsystem (IMS) Service Continuity; Stage 2,S2
23.240,3GPP Generic User Profile (GUP); Architecture (Stage 2),S2
23.241,3GPP Generic User Profile (GUP); Stage 2; Data Description Method (DDM),N4
23.246,Multimedia Broadcast/Multicast Service (MBMS); Architecture and functional description,S2
23.247,Architectural enhancements for 5G multicast-broadcast services,S2
23.251,Network sharing; Architecture and functional description,S2
23.255,Application layer support for Uncrewed Aerial System (UAS); Functional architecture and information flows;,S6
23.256,"Support of Uncrewed Aerial Systems (UAS) connectivity, identification and tracking; Stage 2",S2
23.258,reserved for: All-IP network (AIPN); Stage 2,S2
23.259,Personal Network Management (PNM); Procedures and information flows; Stage 2,C1
23.261,IP flow mobility and seamless Wireless Local Area Network (WLAN) offload; Stage 2,S2
23.271,Functional stage 2 description of Location Services (LCS),S2
23.272,Circuit Switched (CS) fallback in Evolved Packet System (EPS); Stage 2,S2
23.273,5G System (5GS) Location Services (LCS); Stage 2,S2
23.278,Customised Applications for Mobile network Enhanced Logic (CAMEL) Phase 4; Stage 2; IM CN Interworking,C4
23.279,Combining Circuit Switched (CS) and IP Multimedia Subsystem (IMS) services; Stage 2,S2
23.280,Common functional architecture to support mission critical services; Stage 2,S6
23.281,Functional architecture and information flows to support Mission Critical Video (MCVideo); Stage 2,S6
23.282,Functional architecture and information flows to support Mission Critical Data (MCData); Stage 2,S6
23.283,Mission Critical Communication Interworking  with Land Mobile Radio Systems,S6
23.284,Local Call Local Switch (LCLS); Stage 2,C4
23.285,Architecture enhancements for V2X services,S2
23.286,Application layer support for Vehicle-to-Everything (V2X) services; Functional architecture and information flows,S6
23.287,Architecture enhancements for 5G System (5GS) to support Vehicle-to-Everything (V2X) services,S2
23.288,Architecture enhancements for 5G System (5GS) to support network data analytics services,S2
23.289,Mission Critical services over 5G System; Stage 2,S6
23.292,IP Multimedia Subsystem (IMS) centralized services; Stage 2,S2
23.303,Proximity-based services (ProSe); Stage 2,S2
23.304,Proximity based Services (ProSe) in the 5G System (5GS),S2
23.316,Wireless and wireline convergence access support for the 5G System  (5GS),S2
23.327,Mobility between 3GPP-Wireless Local Area Network (WLAN) interworking and 3GPP systems,S2
23.333,Multimedia Resource Function Controller (MRFC) - Multimedia Resource Function Processor (MRFP) Mp interface: Procedures descriptions,C4
23.334,IP Multimedia Subsystem (IMS) Application Level Gateway (IMS-ALG) - IMS Access Gateway (IMS-AGW) interface: Procedures descriptions,C4
23.335,User Data Convergence (UDC); Technical realization and information flows; Stage 2,C4
23.340,"(reserved for:"" IP Multimedia Subsystem (IMS) messaging; Stage 2"")",S2
23.368,Service requirements for Machine-Type Communications (MTC); Stage 2,S2
23.369,Architecture support for Ambient power-enabled Internet of Things; Stage 2,S2
23.379,Functional architecture and information flows to support Mission Critical Push To Talk (MCPTT); Stage 2,S6
23.380,IMS Restoration Procedures,C4
23.392,Application enablement aspects for MMTel,S6
23.401,General Packet Radio Service (GPRS) enhancements for Evolved Universal Terrestrial Radio Access Network (E-UTRAN) access,S2
23.402,Architecture enhancements for non-3GPP accesses,S2
23.406,"TISPAN; IP Multimedia Subsystem (IMS); Stage 2 description [3GPP TS 23.228 v7.2.0, modified]",S2
23.417,TISPAN; IP Multimedia Subsystem (IMS); Functional architecture,S2
23.433,Service Enabler Architecture Layer for Verticals (SEAL); Data Delivery enabler for vertical applications,S6
23.434,Service Enabler Architecture Layer for Verticals (SEAL); Functional architecture and information flows,S6
23.435,Procedures for Network Slice Capability Exposure for Application Layer Enablement Service,S6
23.436,Functional architecture and information flows for Application Data Analytics Enablement Service,S6
23.437,Service Enabler Architecture Layer for Verticals (SEAL); Spatial map and Spatial anchors;,S6
23.438,Service Enabler Architecture Layer for Verticals (SEAL); Digital assets,S6
23.468,Group Communication System Enablers for LTE (GCSE_LTE); Stage 2,S2
23.479,Technical Specification Group Services and System Aspects; UE MBMS APIs for Mission Critical Services;,S6
23.482,Functional architecture and information flows for AIML Enablement Service,S6
23.501,System architecture for the 5G System (5GS),S2
23.502,Procedures for the 5G System (5GS),S2
23.503,Policy and charging control framework for the 5G System (5GS); Stage 2,S2
23.506,"TISPAN; IP Multimedia Subsystem (IMS); Stage 2 description [3GPP TS 23.228 Release 7, modified]",S2
23.507,"TISPAN; Voice Call Continuity (VCC); Stage 2 [3GPP TS 23.206 Release 7, modified]",S2
23.508,TISPAN; Presence Service; Architecture and functional description [Endorsement of 3GPP TS 23.141 and OMA-AD-Presence_SIMPLE-V1_0],S2
23.509,"TISPAN; NGN Architecture to support emergency communication from citizen to authority [Endorsed document 3GPP TS 23.167, Release 7]",S2
23.511,TISPAN; XML Document Management; Architecture and functional description [OMA-AD-XDM-V1_0-20051006-C modified],S2
23.517,TISPAN; IP Multimedia Subsystem (IMS); Functional architecture,S2
23.521,Telecommunications and Internet converged Services and Protocols for Advanced Networks (TISPAN); Support of Short Message Service (SMS) over NGN IMS subsystem; Stage 2; [Endorsement of 3GPP TS 23.204 Release 7],S2
23.527,5G System; Restoration procedures,C4
23.540,5G System: Technical realization of Service Based Short Message Service; Stage 2,C4
23.542,Application layer support for Personal IoT Network,S6
23.545,Application layer support for Factories of the Future (FF),S6
23.548,5G System Enhancements for Edge Computing; Stage 2,S2
23.554,Application architecture for MSGin5G Service; Stage 2,S6
23.558,Architecture for enabling Edge Applications,S6
23.586,Architectural Enhancements to support Ranging based services and Sidelink Positioning,S2
23.611,TISPAN; XML Document Management; Architecture and functional description [OMA-AD-XDM-V1_0-20051006-C modified],S2
23.632,"User data interworking, coexistence and migration; Stage 2 ",C4
23.682,Architecture enhancements to facilitate communications with packet data networks and applications,S2
23.700-01,Study on application enablement for Satellite access enabled 5G Services,S6
23.700-02,Study of application enablement for satellite access enabled 5G services Phase 4,S6
23.700-03,Study on system enhancement for Proximity based Services (ProSe) in the 5G System (5GS); Phase 3,S2
23.700-04,Study on Core Network Enhanced Support for Artificial Intelligence (AI) / Machine Learning (ML); Phase2,S2
23.700-05,Study on architecture enhancements for vehicle-mounted relays,S2
23.700-06,Study on architecture enhancements for vehicle-mounted relays - Phase 2,S2
23.700-07,Study on enhanced support of Non-Public Networks (NPN),S2
23.700-08,Study on enhanced support of Non-Public Networks; Phase 2,S2
23.700-09,Study on Mission critical services support in the Isolated Operation for Public Safety (IOPS) mode of operations,S6
23.700-10,Study on enhanced IP Multimedia Subsystem (IMS) to 5GC integration Phase 2; CT WG1 aspects,C1
23.700-11,Study on enhanced IP Multimedia Subsystem (IMS) to 5GC integration Phase 2; CT WG3 aspects,C3
23.700-12,Study on enhanced IP Multimedia Subsystem (IMS) to 5GC integration Phase 2; CT WG4 aspects,C4
23.700-13,Study on Architecture support of Ambient power-enabled Internet of Things,S2
23.700-14,Study on Stage 2 for Integrated Sensing and Communication,S2
23.700-15,Study on Use of sensing results for Vertical Applications,S6
23.700-16,Study on support for Wireless and Wireline Convergence for the 5G System (5GS) (5WWC); Phase 2,S2
23.700-17,Study on Wireless and Wireline Convergence for the 5G System (5GS) (5WWC); Phase 2,S2
23.700-18,Study on system enabler for service function chaining,S2
23.700-19,Study on Integration of satellite components in the 5G architecture; Phase 4,S2
23.700-20,Study on enhanced support of Industrial Internet of Things (IIoT) in the 5G System (5GS),S2
23.700-21,Study on Application enablement architecture for mobile metaverse services,S6
23.700-22,Study on CAPIF Phase 3,S6
23.700-23,Study on Application enabler for XR Services,S6
23.700-24,Study on support of the 5G MSG (Message) Service,S6
23.700-25,Study on timing resiliency and TSC and URLLC enhancements,S2
23.700-26,Study on application enablement for Ambient IoT services,S6
23.700-27,Study on 5G System with Satellite Backhaul,S2
23.700-28,Study on Integration of satellite components in the 5G architecture; Phase 2,S2
23.700-29,Study on integration of satellite components in the 5G architecture; Phase 3,S2
23.700-30,Study on Architecture support of Ambient power-enabled Internet of Things (AIoT); Phase 2,S2
23.700-31,Study on enhancement to the 5G Core (5GC) LoCation Services (LCS); Phase 2,S2
23.700-32,Study on User Identities and Authentication Architecture,S2
23.700-33,Study on System enhancement for Proximity based Services (ProSe) in the 5G System (5GS); Phase 2,S2
23.700-34,Study on SEAL data delivery enabler for vertical applications,S6
23.700-35,Study on Service Enabler Architecture Layer (SEAL) Phase 4,S6
23.700-36,Study on Application Data Analytics Enablement Service,S6
23.700-37,"Study on discreet listening and monitoring of mission critical services, Phase2",S6
23.700-38,Study on sharing of administrative configuration between interconnected MC service systems,S6
23.700-39,"Study on logging and recording of mission critical services, Phase2",S6
23.700-40,Study on enhancement of network slicing; Phase 2,S2
23.700-41,Study on enhancement of network slicing; Phase 3,S2
23.700-42,Study on application user consent,S6
23.700-43,Study on CAPIF Phase 4,S6
23.700-44,Study on application enablement to support energy saving,S6
23.700-45,Study on System aspects of 5G NR Femto,S2
23.700-46,Study on 5GS Deterministic Networking (DetNet) interworking,S2
23.700-47,Study on architectural enhancements for 5G multicast-broadcast services; Phase 2,S2
23.700-48,5G System Enhancements for Edge Computing; Phase 2,S2
23.700-49,Study on Enhancement of support for Edge Computing in 5G Core network; Phase 3,S2
23.700-51,Study on Application enabler for XR Services Phase 3,S6
23.700-52,Study on SEALDD phase 3,S6
23.700-53,"Study on access traffic steering, switching and splitting support in the 5G system architecture; Phase 3",S2
23.700-54,Study on Multi-Access (DualSteer and ATSSS_Ph4),S2
23.700-55,Study on enhanced Application Architecture for UAS applications,S6
23.700-56,Study on system architecture enhancement for next generation real time communication; Phase 3,S2
23.700-57,Study on Stage 2 for MMTel Phase 2,S6
23.700-58,Study of further architecture enhancements for uncrewed aerial systems and urban air mobility,S2
23.700-59,"Study on architecture enhancements of UAS, UAV and UAM; Phase 3",S2
23.700-60,Study on XR (Extended Reality) and media services,S2
23.700-61,Study on Seamless UE context recovery,S2
23.700-62,Study on UPF enhancement for Exposure And SBA,S2
23.700-63,Study on UPF enhancement for Exposure and SBA; Phase 2,S2
23.700-64,Study on enhancements to application layer support for V2X services; Phase 2,S6
23.700-65,Study on Short Message Service to Emergency Response Centre,S2
23.700-66,Study on Energy Efficiency and Energy Saving,S2
23.700-67,Study on Energy Efficiency and Energy Saving; Phase2,S2
23.700-68,Study on Support of reduced capability NR devices; Phase 2,S2
23.700-70,Study on architecture enhancement for Extended Reality and Media service (XRM); Phase 2,S2
23.700-71,Study on enhancement to the 5GC LoCation Services (LCS); Phase 3,S2
23.700-72,Study on enhanced application layer support for location services,S6
23.700-74,"Study on generic group management, exposure and communication enhancements",S2
23.700-75,Study on Multimedia Priority Service (MPS) for IMS Messaging and SMS services,S2
23.700-76,Study on ad hoc group communication support for mission critical services,S6
23.700-77,Study on system architecture for next generation real time communication services; Phase 2,S2
23.700-78,Study on Application layer support for Personal IoT Network,S6
23.700-79,Study of gateway User Equipment (UE) function for Mission Critical (MC) communications,S6
23.700-80,Study on 5G system support for AI/ML-based services,S2
23.700-81,Study of Enablers for Network Automation for the 5G System (5GS); Phase 3,S2
23.700-82,Study on application layer support for AI/ML services,S6
23.700-83,Study on application layer support for AI/ML services Phase 2,S6
23.700-84,Study on Core Network Enhanced Support for Artificial Intelligence (AI) / Machine Learning (ML),S2
23.700-85,Study on enhancement of 5G User Equipment (UE) policy,S2
23.700-86,Study on Architecture Enhancement to support Ranging based services and sidelink positioning,S2
23.700-87,Study on system architecture enhancement for next generation real time communication,S2
23.700-88,Study on architecture enhancements for Personal IoT Network (PIN),S2
23.700-89,Study on 5G AM Policy,S2
23.700-90,Study on interconnection and migration aspects for railways,S6
23.700-91,Study on enablers for network automation for the 5G System (5GS); Phase 2,S2
23.700-92,Study on service aspects for supporting the eMMTel Service,S6
23.700-93,"Study on access traffic steering, switch and splitting support in the 5G System (5GS) architecture; Phase 2",S2
23.700-94,Study on the usage of user identifiers in the 5G System (5GS),S2
23.700-95,Study on application enablement aspects for subscriber-aware northbound API access,S6
23.700-96,Study on 5G-enabled fused location service capability,S6
23.700-97,Study on Application Capability Exposure for IoT Platforms,S6
23.700-98,Study on enhanced Architecture for enabling Edge Applications,S6
23.700-99,Study on Network Slice Capability Exposure for Application Layer Enablement,S6
23.701,Study on Web Real Time Communication (WebRTC) access to IP Multimedia Subsystem (IMS); Stage 2,S2
23.702,Study on 3GPP PS Data Off,S2
23.703,Study on architecture enhancements to support Proximity-based Services (ProSe),S2
23.704,Study on Circuit Switched (CS) / Packet Switched (PS) coordination in shared network; Stage 2,S2
23.705,Study on system enhancements for user plane congestion management,S2
23.706,Study on enhancements to Web Real Time Communication (WebRTC) access to IP Multimedia Subsystem (IMS); Stage 2,S2
23.707,Architecture enhancements for dedicated core networks; Stage 2,S2
23.708,Architecture enhancements for service capability exposure,S2
23.709,Study on optimizations to support high latency communications; Stage 2,S2
23.710,Study on improvement of awareness of user location change,S2
23.711,Enhancements of dedicated core networks selection mechanism,S2
23.712,Study on warning status reporting,C1
23.713,Study on extended architecture support for proximity-based services,S2
23.714,Study on Control Plane (CP) and User Plane (UP) separation of Evolved Packet Core (EPC) nodes,S2
23.715,Study on system enhancements for provision of access to restricted local operator services by an unauthenticated User Equipment (UE),S2
23.716,Study on the wireless and wireline convergence for the 5G System (5GS) architecture,S2
23.717,Enabling Transcoder Free Operation During SRVCC (PS to CS),S2
23.718,Architecture enhancement for flexible mobile service steering,S2
23.719,Feasibility study on service domain centralization,S2
23.720,Study on architecture enhancements for Cellular Internet of Things (CIoT),S2
23.721,Study on sponsored data connectivity improvements,S2
23.722,Study on common Application Programming Interface (API) framework for 3GPP northbound APIs,S6
23.723,Study of system level impacts due to introduction of light connection for LTE in EPS,S2
23.724,Study on Cellular Internet of Things (CIoT) support and evolution for the 5G System (5GS),S2
23.725,Study on enhancement of Ultra-Reliable Low-Latency Communication (URLLC) support in the 5G Core network (5GC),S2
23.726,Study on enhancing topology of the Service Management Function (SMF) and the User Plane Function (UPF) in 5G networks,S2
23.727,Study on application awareness interworking between LTE and NR,S2
23.728,Study on system architecture enhancement for next generation real time communication,S2
23.729,Study on unlicensed spectrum offloading system enhancements,S2
23.730,Study on extended architecture support for Cellular Internet of Things (CIoT),S2
23.731,Study on enhancement to the 5GC LoCation Services (LCS),S2
23.732,"Study on user data interworking, coexistence and migration",S2
23.733,Study on architecture enhancements to Proximity Services (ProSe) UE-to-Network relay,S2
23.734,Study on enhancement of 5G System (5GS) for vertical and Local Area Network (LAN) services,S2
23.735,Study on enhancements of Public Warning System,C1
23.736,Study on enhancement of systems using Evolved Packet System (EPS) for Ultra Reliability and Availability using commodity equipment,S2
23.737,Study on architecture aspects for using satellite access in 5G,S2
23.738,Study on supporting Flexible Local Area Data Network,S2
23.739,Study on enhancement of EPC for low latency communication including device mobility,S2
23.740,Study on enhancement of network slicing,S2
23.741,Study on enhancements to Multimedia Broadcast/Multicast Service (MBMS) for LTE,S2
23.742,Study on Enhancements to the Service-Based Architecture,S2
23.743,Study on optimisations on UE radio capability signalling,S2
23.744,Study on location enhancements for mission critical services,S6
23.745,Study on application layer support for Factories of the Future in 5G network,S6
23.746,Study on System Architecture Enhancements to eMBMS for Television Video Service,S2
23.747,Study on system architecture enhancement to support Service-Based SMS,S2
23.748,Study on enhancement of support for Edge Computing in 5G Core network (5GC),S2
23.749,Study on S8 Home Routing Architecture for VoLTE,S2
23.750,Study for robust call setup for VoLTE subscriber in LTE,S2
23.751,Study on support of voice over WLAN,S2
23.752,Study on system enhancement for Proximity based Services (ProSe) in the 5G System (5GS),S2
23.753,Study on User Plane Function (UPF) enhancement for control and 5G Service Based Architecture (SBA),S2
23.754,"Study on supporting Unmanned Aerial Systems (UAS) connectivity, Identification and tracking",S2
23.755,Study on application layer support for Unmanned Aerial Systems (UAS),S6
23.756,Study for single radio voice continuity from 5G to 3G,S2
23.757,Study on architectural enhancements for 5G multicast-broadcast services,S2
23.758,Study on application architecture for enabling Edge Applications,S6
23.759,Study for enhanced Voice Over LTE (VoLTE) Performance,S2
23.760,Study on enhancement of 5G User Equipment (UE) policy,S2
23.761,Study on system enablers for devices having multiple Universal Subscriber Identity Modules (USIM),S2
23.762,Study on enhanced 5G Local Area Network (LAN) type service ,S2
23.763,Study on system enhancement for Proximity based Services (ProSe) in 5G Systems (5GS),S2
23.764,Study on enhancements to application layer support for V2X services,S6
23.768,Study on architecture enhancements to support Group Communication System Enablers for LTE (GCSE_LTE),S2
23.769,Group based enhancements,S2
23.770,Study on system impacts of extended Discontinuous Reception (DRX) cycle for power consumption optimization,S2
23.771,Study on system impacts of IP Multimedia Subsystem (IMS) emergency sessions over Wireless Local Area Network (WLAN),S2
23.772,Enhanced Circuit Switched (CS) fallback,S2
23.773,Study on group based enhancements in the network capability exposure functions,S2
23.774,Study on mission critical services over 5G multicast broadcast system,S6
23.775,"Feasibility study on Multimedia Priority Service (MPS) phase 2, Stage 2",S2
23.776,Study on architecture enhancements for 3GPP support of advanced Vehicle-to-Everything (V2X) services; Phase 2,S2
23.778,Study on Mission Critical services access aspects,S6
23.779,Study on application architecture to support Mission Critical Push To Talk over LTE (MCPTT) services,S6
23.780,Study on Multimedia Broadcast and Multicast Service (MBMS) usage for mission critical communication services,S6
23.781,Study on migration and interconnection for mission critical services,S6
23.782,Study on mission critical communication interworking between LTE and non-LTE systems,S6
23.783,Study on Mission Critical services support over 5G System,S6
23.784,Study on discreet listening and logging for mission critical services,S6
23.785,Study on architecture enhancements for LTE support of V2X services,S2
23.786,Study on architecture enhancements for the Evolved Packet System (EPS) and the 5G System (5GS) to support advanced V2X services,S2
23.787,Study on encrypted traffic detection and verification,S2
23.788,Feasibility Study on Security Aspects of Machine-Type Communications Enhancements to facilitate communications with Packet Data Networks and Applications,S2
23.789,Monitoring Enhancements,S2
23.790,Study on application architecture for the Future Railway Mobile Communication System (FRMCS); Stage 2,S6
23.791,Study of enablers for Network Automation for 5G,S2
23.792,Study on MBMS APIs for Mission Critical Services,S6
23.793,"Study on access traffic steering, switch and splitting support in the 5G System (5GS) architecture",S2
23.794,Study on enhanced IP Multimedia Subsystem (IMS) to 5GC integration,S2
23.795,Study on application layer support for V2X services,S6
23.796,Study on application architecture for the Future Railway Mobile Communication System (FRMCS) Phase 2,S6
23.797,Study on architecture enhancements to support isolated Evolved Universal Terrestrial Radio Access Network (E-UTRAN) operation for public safety,S2
23.798,Study on Isolated E-UTRAN Operation for Public Safety; Enhancements,S2
23.799,Study on Architecture for Next Generation System,S2
23.800,Study on Application Based Charging (ABC); Stage 2,S2
23.801,Potential mechanisms for Circuit Switched (CS) domain video and voice service improvements,S2
23.801-01,Study on Architecture for 6G System,S2
23.802,Architectural enhancements for end-to-end Quality of Service (QoS),S2
23.803,Evolution of policy control and charging,S2
23.804,Support of SMS and MMS over generic 3GPP IP access,S2
23.805,Selective disabling of User Equipment (UE) capabilities; Report on technical options and conclusions,S2
23.806,Voice call continuity between Circuit Switched (CS) and IP Multimedia Subsystem (IMS) Study,S2
23.807,Feasibility study for enhancement of radio performance for Voice over IP Multimedia Subsystem (VoIMS); Report on technical options and conclusions,S2
23.808,Supporting Globally Routable User Agent URI in IMS; Report and conclusions,S2
23.809,One Tunnel solution for Optimisation of Packet Data Traffic,S2
23.810,Study on architecture impacts of Service Brokering,S2
23.811,Service level interworking for messaging services; Stage 2,S2
23.812,Feasibility study on IP Multimedia Subsystem (IMS) evolution,S2
23.813,Study on policy solutions and enhancements,S2
23.814,Separating RR and MM specific parts of the MS Classmark,C1
23.815,Charging implications of IMS architecture,S2
23.816,Identification of communication services in IMS,S2
23.817,Feasibility study on enhancement of radio performances for Voice over IMS (VoIMS); Report on Technical options and conclusions,S2
23.818,Optimisations and Enhancements for Realtime IMS Communication,S2
23.819,Terminating session handling,S2
23.820,Study of IMS restoration procedures,C4
23.821,Architecture Principles for Reelase 2000,S2
23.822,Framework for Gq' / Rx harmonization,S2
23.823,Intra Domain Connection of RAN Nodes to Multiple CN Nodes,S2
23.824,IP-Short-Message-Gateway (IP-SM-GW) enhancements for interworking with Open Mobile Alliance (OMA) Converged IP Messaging (CPM),S2
23.825,Overall architecture aspects of IP flow based bearer level charging; Stage 2,S2
23.826,Feasibility study on Voice Call Continuity (VCC) support for emergency calls,S2
23.827,Feasibility study of mobility between 3GPP-WLAN interworking and 3GPP systems,S2
23.828,Earthquake and Tsunami Warning System (ETWS); Requirements and solutions; Solution placeholder,S2
23.829,Local IP Access and Selected IP Traffic Offload (LIPA-SIPTO),S2
23.830,Architecture aspects of Home Node B (HNB) / Home enhanced Node B (HeNB),S2
23.831,IP Multimedia Subsystem (IMS) service continuity; Inter-UE transfer enhancements; Stage 2,S2
23.832,IP Multimedia Subsystem (IMS) aspects of architecture for Home Node B (HNB); Stage 2,S2
23.833,Feasibility study of SR-VCC for UTRAN/GERAN to E-UTRAN/HSPA service continuity,S2
23.834,Study on General Packet Radio Service (GPRS) Tunelling Protocol (GTP) based S2b; Stage 2,S2
23.835,Study into applicability of Galileo in Location Services (LCS),S2
23.836,Quality of Service (QoS) and policy aspects of 3GPP - Wirless Local Area Network (WLAN) interworking,S2
23.837,Location Services (LCS) architecture for 3GPP system - Wireless Local Area Network (WLAN) interworking,S2
23.838,"IP Multimedia Subsystem (IMS) service continuity enhancements; Service, policy and interaction; Stage 2",S2
23.839,Study on support of Broadband Forum (BBF) access Interworking,S2
23.840,Study into routeing of MT-SMs via the HPLMN,C4
23.841,Presence service architecture,S2
23.842,Study on network provided location information to the IP Multimedia Subsystem (IMS),S2
23.843,Study on Core Network Overload (CNO) solutions,S2
23.844,Feasibility study on IP Multimedia Subsystem (IMS) based peer-to-peer content distribution services; Stage 2,S2
23.845,Study on User Data Convergence (UDC) evolution,C4
23.846,Multimedia Broadcast/Multicast Service (MBMS); Stage 2,S2
23.847,Enhancements to IMS service functionalities facilitating multicast bearer services,S2
23.848,Study on enhancements to IP Multimedia Subsystem (IMS) border functions for interconnection of IMS based services,S2
23.849,Study on Stage 2 aspects of Optimised Service Charging and Allocation of Resources (OSCAR) in the IP Multimedia Subsystem (IMS) whilst roaming,S2
23.850,Study on roaming architecture for voice over IP Multimedia Subsystem (IMS) with local breakout,S2
23.851,Network sharing; Architecture and functional description,S2
23.852,Study on S2a Mobility based on GPRS Tunnelling Protocol (GTP) and Wireless Local Area Network (WLAN) access to the Enhanced Packet Core (EPC) network (SaMOG); Stage 2,S2
23.853,Operator Policies for IP Interface Selection (OPIIS),S2
23.854,Enhancements for Multimedia Priority Service (MPS),S2
23.855,Data Identification in Access Network Discovery and Selection Function (ANDSF) (DIDA),S2
23.856,Single Radio Voice Call Continuity (SRVCC) enhancements; Stage 2,S2
23.857,Study of Evolved Packet Core (EPC) nodes restoration,C4
23.858,Usage Monitoring Control PCC Enhancement,S2
23.859,Local IP access (LIPA) mobility and Selected IP Traffic Offload (SIPTO) at the local network,S2
23.860,Enabling coder selection and rate adaptation for UTRAN and E-UTRAN for load adaptive applications; Stage 2,S2
23.861,Network based IP flow mobility,S2
23.862,Evolved Packet Core (EPC) enhancements to support interworking with data application providers; Stage 2,S2
23.863,Support of Short Message Service (SMS) in IP Multimedia Subsystem (IMS) without Mobile Station International ISDN Number (MSISDN); Stage 2,S2
23.864,Commonality and interoperability between IP Multimedia System (IMS) core networks,S2
23.865,Study on Wireless Local Area Network (WLAN) network selection for 3GPP terminals; Stage 2,S2
23.866,Study on system improvements for energy efficiency,S2
23.867,Internet Protocol (IP) based IP Multimedia Subsystem (IMS) emergency sessions,S2
23.868,Feasibility study on extension of support for IP Multimedia Subsystem (IMS) emergency calls,S2
23.869,Support for Internet Protocol (IP) based IP Multimedia Subsystem (IMS) Emergency calls over General Packet Radio Service (GPRS) and Evolved Packet Service (EPS),S2
23.870,Single Radio Voice Call Continuity (SR-VCC) support for IMS Emergency Calls,S2
23.871,Enhanced support for user privacy in Location Services (LCS),S2
23.872,Study on architecture of IP Multimedia Subsystem (IMS) based Customized Alerting Tone (CAT),S2
23.873,Feasibility study for transport and control separation in the PS CN domain,S2
23.874,Feasibility study of architecture for network requested PDP context activation with User-ID,S2
23.875,Support of Push service,S2
23.876,Push architecture,S2
23.877,Architectural aspects of speech-enabled services,S2
23.878,"Impacts of speech-enabled services on IMS, PS and CS domains",S2
23.879,Study on Circuit Switched (CS) domain services over evolved Packet Switched (PS) access,S2
23.880,Stage 2 for Registration in Densely-populated area (RED); Solution Placeholder,S2
23.881,Interworking aspects and migration scenarios for IPv4-based IP Multimedia Subsystem (IMS) implementations,S2
23.882,3GPP system architecture evolution (SAE): Report on technical options and conclusions,S2
23.883,Study on enhancements to IMS Centralized Services (ICS),S2
23.884,"Local Call Local Switching, Feasibility Study",C4
23.885,Feasibility Study of Single Radio Voice Call Continuity (SRVCC) from UTRAN/GERAN to E-UTRAN/HSPA; Stage 2,S2
23.886,Feasibility Study of Single Radio Video Call Continuity (vSRVCC); Stage 2,S2
23.887,Study on Machine-Type Communications (MTC) and other mobile data applications communications enhancements,S2
23.888,System improvements for Machine-Type Communications (MTC),S2
23.889,Local Call Local Switch (LCLS) system impacts; Feasibility study,C4
23.890,Optimized offloading to Wireless Local Area Network (WLAN) in 3GPP Radio Access Technology (RAT) mobility,S2
23.891,Evaluation of LCS Control Plane Solutions for EPS,S2
23.892,IP Multimedia Subsystem (IMS) centralized services,S2
23.893,Feasibility study on multimedia session continuity; Stage 2,S2
23.894,System enhancements for the use of IP Multimedia Subsystem (IMS)  services in local breakout and optimal routeing of media,S2
23.895,Provision of UE specific behaviour information to network entities,S2
23.896,Technical Report on Support for fixed broadband access networks convergence,S2
23.897,Feasibility study on IP Multimedia Subsystem (IMS) business trunking for Internet Protocol Private Branch Exchange (IP-PBX) in Static Mode of Operation,S2
23.898,Access Class Barring and Overload Protection (ACBOP),S2
23.899,Combining Circuit Switched (CS) bearers with IP Multimeida Subsystem (IMS),S2
23.903,Redial solution for voice-video switching,S2
23.904,Support of SMS and MMS over generic 3GPP IP access,S2
23.907,Quality of Service (QoS) concept,S2
23.908,Technical report on Pre-Paging,C4
23.909,Technical report on the Gateway Location Register,C4
23.910,Circuit switched data bearer services,C3
23.911,Technical report on Out-of-band transcoder control,C4
23.912,Technical report on Super-Charger,C4
23.915,Charging implications of IMS architecture,S2
23.917,Dynamic policy control enhancements for end-to-end Quality of Service (QoS),S2
23.919,Direct tunnel deployment guideline,S2
23.922,Architecture for an All IP network,S2
23.923,Combined GSM and Mobile IP mobility handling in UMTS IP CN,S2
23.924,Feasibility study on Non-Access Stratum (NAS) node selection function above Base Station Controller (BSC) / Radio Network Controller (RNC),S2
23.925,UMTS Core network based ATM transport,S2
23.930,Iu principles,S2
23.934,3GPP system to Wireless Local Area Network (WLAN) interworking; Functional and architectural definition,S2
23.937,Feasbility study of mobility between 3GPP-WLAN interworking and 3GPP systems,S2
23.941,3GPP Generic User Profile (GUP); Stage 2; Data Description Method (DDM),C4
23.946,Guidelines for CAPIF Usage,S6
23.948,Deployment guidelines for typical edge computing use cases  in 5G Core network (5GC),S2
23.955,Virtual Home Environment (VHE) concepts,S2
23.958,Edge Application Standards in 3GPP and alignment with External Organizations,S6
23.964,Commonality and interoperability between IP Multimedia System (IMS) core networks,S2
23.972,Circuit switched multimedia telephony,C1
23.973,"User data interworking, coexistence and migration",S2
23.974,Support of push service,S2
23.975,IPv6 migration guidelines,S2
23.976,Push architecture,S2
23.977,Bandwidth And Resource Savings (BARS) and speech enhancements for Circuit Switched (CS) networks,S2
23.979,3GPP enablers for Open Mobile Alliance (OMA); Push-to-talk over Cellular (PoC) services; Stage 2,S2
23.981,Interworking aspects and migration scenarios for IPv4-based IP Multimedia Subsystem (IMS) implementations,S2
23.982,IP Multimedia System (IMS) centralized services,S2
24.002,GSM - UMTS Public Land Mobile Network (PLMN) Access Reference Configuration,C1
24.004,Layer 1 - General Requirements,G2
24.007,Mobile radio interface signalling layer 3; General Aspects,C1
24.008,Mobile radio interface Layer 3 specification; Core network protocols; Stage 3,C1
24.010,Mobile radio interface  layer 3; Supplementary services specification; General aspects,C4
24.011,Point-to-Point  (PP) Short Message Service (SMS) support on mobile radio interface,C1
24.012,Short Message Service Cell Broadcast (SMSCB) Support on the Mobile Radio Interface,G2
24.022,Radio Link Protocol (RLP) for circuit switched bearer and teleservices,C3
24.030,Location Services (LCS); Supplementary service operations; Stage 3,C4
24.065,General Packet Radio Service (GPRS); Mobile Station (MS) - Serving GPRS Support Node (SGSN); Subnetwork Dependent Convergence Protocol (SNDCP),N1
24.067,Enhanced Multi-Level Precedence and Pre-emption service (eMLPP); Stage 3,C4
24.068,Group Call Control (GCC) Protocol,N1
24.069,Broadcast Call Control (BCC) protocol,N1
24.072,Call Deflection (CD) supplementary service; Stage 3,C4
24.080,Mobile radio interface layer 3 supplementary services specification; Formats and coding,C4
24.081,Line Identification supplementary services; Stage 3,C4
24.082,Call Forwarding (CF) supplementary services; Stage 3,C4
24.083,Call Waiting (CW) and Call Hold (HOLD) supplementary services; Stage 3,C4
24.084,Multi Party (MPTY) supplementary service; Stage 3,C4
24.085,Closed User Group (CUG) supplementary service; Stage 3,C4
24.086,Advice of Charge (AoC) supplementary services; Stage 3,C4
24.087,User-to-User Signalling (UUS) Supplementary Service; Stage 3,C4
24.088,Call Barring (CB) supplementary service; Stage 3,C4
24.090,Unstructured Supplementary Service Data (USSD); Stage 3,C4
24.091,Explicit Call Transfer (ECT) supplementary service; Stage 3,C4
24.093,Completion of Calls to Busy Subscriber (CCBS); Stage 3,C4
24.096,Name Identification supplementary services; Stage 3,C4
24.103,Telepresence using the IP Multimedia (IM) Core Network (CN) Subsystem (IMS); Stage 3,C1
24.105,Application specific Congestion control for Data Communication (ACDC) Management Object (MO),C1
24.109,Bootstrapping interface (Ub) and network application function interface (Ua); Protocol details,C1
24.116,Stage 3 aspects of system architecture enhancements for TV services  ,C1
24.117,TV service configuration Management Object (MO),C1
24.135,Multicall supplementary service; Stage 3,C4
24.139,3GPP system - fixed broadband access network interworking;  Stage 3,C1
24.141,Presence service using the IP Multimedia (IM) Core Network (CN) subsystem; Stage 3,C1
24.147,Conferencing using the IP Multimedia (IM) Core Network (CN) subsystem; Stage 3,C1
24.161,Network-Based IP Flow Mobility (NBIFOM); Stage 3,C1
24.166,3GPP IP Multimedia Subsystem (IMS) conferencing Management Object (MO),C1
24.167,3GPP IMS Management Object (MO); Stage 3,C1
24.171,Control Plane Location Services (LCS) procedures in the Evolved Packet System (EPS),C4
24.173,IMS Multimedia telephony communication service and supplementary services; Stage 3,C1
24.174,Support of multi-device and multi-identity in the IP Multimedia Subsystem (IMS); Stage 3,C1
24.175,Management Object (MO) for multi-device and multi-identity in the IP Multimedia Subsystem (IMS),C1
24.182,IP Multimedia Subsystem (IMS) Customized Alerting Tones (CAT); Protocol specification,C1
24.183,IP Multimedia Subsystem (IMS) Customized Ringing Signal (CRS); Protocol specification,C1
24.186,IMS Data Channel applications; Protocol specification,C1
24.193,"5G System;Access Traffic Steering, Switching and Splitting (ATSSS); Stage 3",C1
24.196,Enhanced Calling Name (eCNAM),C1
24.206,Voice call continuity between Circuit Switched (CS) and IP Multimedia Subsystem (IMS); Stage 3,C1
24.216,Communication Continuity Management Object (MO),C1
24.228,Signalling flows for the IP multimedia call control based on Session Initiation Protocol (SIP) and Session Description Protocol (SDP); Stage 3,C1
24.229,IP multimedia call control protocol based on Session Initiation Protocol (SIP) and Session Description Protocol (SDP); Stage 3,C1
24.234,3GPP system to Wireless Local Area Network (WLAN) interworking; WLAN User Equipment (WLAN UE) to network protocols; Stage 3,C1
24.235,3GPP System to Wireless Local Area Network (WLAN) interworking Management Object (MO),C1
24.237,IP Multimedia (IM) Core Network (CN) subsystem IP Multimedia Subsystem (IMS) service continuity; Stage 3,C1
24.238,Session Initiation Protocol (SIP) based user configuration; Stage 3,C1
24.239,Flexible Alerting (FA) using IP Multimedia (IM) Core Network (CN) subsystem; Protocol specification,C1
24.241,3GPP Generic User Profile (GUP) Common objects; Stage 3,C4
24.244,Wireless LAN control plane protocol for trusted WLAN access to EPC; Stage 3,C1
24.247,Messaging service using the IP Multimedia (IM) Core Network (CN) subsystem; Stage 3,C1
24.250,Protocol for Reliable Data Service; Stage 3,C1
24.257,Uncrewed Aerial System (UAS) Application Enabler (UAE) layer; Protocol aspects; Stage 3,C1
24.259,Personal Network Management (PNM); Stage 3,C1
24.268,Warning Systems Management Object (MO),C1
24.275,Management Object (MO) for Basic Communication Part (BCP) of IMS Multimedia Telephony (MMTEL) communication service,C1
24.279,Combining Circuit Switched (CS) and IP Multimedia Subsystem (IMS) services; Stage 3,C1
24.281,Mission Critical Video (MCVideo) signalling control; Protocol specification,C1
24.282,Mission Critical Data (MCData) signalling control; Protocol specification,C1
24.283,Mission Critical Location Management (MCLoc); Protocol Specification,C1
24.285,Allowed Closed Subscriber Group (CSG) list; Management Object (MO),C1
24.286,IP Multimedia (IM) Core Network (CN) subsystem Centralized Services (ICS); Management Object (MO),C1
24.292,IP Multimedia (IM) Core Network (CN) subsystem Centralized Services (ICS); Stage 3,C1
24.293,ICS Protocol over USSD bearer,C1
24.294,IP Multimedia Subsystem (IMS) Centralized Services (ICS) protocol via I1 interface,C1
24.301,Non-Access-Stratum (NAS) protocol for Evolved Packet System (EPS); Stage 3,C1
24.302,Access to the 3GPP Evolved Packet Core (EPC) via non-3GPP access networks; Stage 3,C1
24.303,Mobility management based on Dual-Stack Mobile IPv6; Stage 3,C1
24.304,Mobility management based on Mobile IPv4; User Equipment (UE) - foreign agent interface; Stage 3,C1
24.305,Selective Disabling of 3GPP User Equipment Capabilities (SDoUE) Management Object (MO),C1
24.312,Access Network Discovery and Selection Function (ANDSF) Management Object (MO),C1
24.315,IP Multimedia Subsystem (IMS) Operator Determined Barring (ODB); Stage 3: protocol specification,C1
24.322,Tunnelling of IP Multimedia Subsystem (IMS) services over restrictive access networks; Stage 3,C1
24.323,3GPP IP Multimedia Subsystem (IMS) service level tracing Management Object (MO),C1
24.327,Mobility between 3GPP Wireless Local Area Network (WLAN) interworking (I-WLAN) and 3GPP systems; General Packet Radio System (GPRS) and 3GPP I-WLAN aspects; Stage 3,C1
24.333,Proximity-services (ProSe) Management Objects (MO),C1
24.334,Proximity-services (ProSe) User Equipment (UE) to ProSe function protocol aspects; Stage 3,C1
24.337,IP Multimedia (IM) Core Network (CN) subsystem IP Multimedia Subsystem (IMS) inter-UE transfer; Stage 3,C1
24.341,Support of SMS over IP networks; Stage 3,C1
24.368,Non-Access Stratum (NAS) configuration Management Object (MO),C1
24.369,Ambient IoT Non-Access-Stratum (AIoT NAS) protocol for 5G System (5GS); Stage 3,C1
24.371,Web Real-Time Communications (WebRTC) access to the IP Multimedia (IM) Core Network (CN) subsystem (IMS); Stage 3; Protocol specification,C1
24.379,Mission Critical Push To Talk (MCPTT) call control; Protocol specification,C1
24.380,Mission Critical Push To Talk (MCPTT) media plane control; Protocol specification,C1
24.381,Mission Critical Push To Talk (MCPTT) group management; Protocol specification,C1
24.382,Mission Critical Push To Talk (MCPTT) identity management; Protocol specification,C1
24.383,Mission Critical Push To Talk (MCPTT) Management Object (MO),C1
24.384,Mission Critical Push To Talk (MCPTT) configuration management; Protocol specification,C1
24.385,V2X services Management Object (MO),C1
24.386,User Equipment (UE) to V2X control function; protocol aspects; Stage 3,C1
24.390,Unstructured Supplementary Service Data (USSD) using IP Multimedia (IM) Core Network (CN) subsystem IMS; Stage 3,C1
24.391,Unstructured Supplementary Service Data (USSD) using IP Multimedia (IM) Core Network (CN) subsystem (IMS) Management Object (MO),C1
24.392,Application enablement aspects for MMTel; Protocol specification,C1
24.403,"TISPAN; IP Multimedia Call Control Protocol based on Session Initiation Protocol (SIP) and Session Description Protocol (SDP) Stage 3 [3GPP TS 24.229 (Release 7), modified]",C1
24.404,TISPAN; PSTN/ISDN simulation services: Communication Diversion (CDIV); Protocol specification,C1
24.405,TISPAN; PSTN/ISDN simulation services: Conference (CONF); Protocol specification,C1
24.406,TISPAN; PSTN/ISDN simulation services; Message Waiting Indication (MWI): Protocol specification,C1
24.407,TISPAN; PSTN/ISDN simulation services; Originating Identification Presentation (OIP) and Originating Identification Restriction (OIR); Protocol specification,C1
24.408,TISPAN; PSTN/ISDN simulation services Terminating Identification Presentation (TIP) and Terminating Identification Restriction (TIR); Protocol specification,C1
24.410,TISPAN; NGN Signalling Control Protocol; Communication HOLD (HOLD) PSTN/ISDN simulation services; Protocol specification,C1
24.411,TISPAN; PSTN/ISDN simulation services: Anonymous Communication Rejection (ACR) and Communication Barring (CB); Protocol specification,C1
24.412,TISPAN; Interworking; Trunking Gateway Control Procedures for interworking between NGN and external CS networks,C3
24.416,TISPAN; PSTN/ISDN simulation services; Malicious Communication Identification (MCID); Protocol specification,C1
24.417,Management Object (MO) for Originating Identification Presentation (OIP) and Originating Identification Restriction (OIR) using IP Multimedia (IM) Core Network (CN) subsystem,C1
24.423,TISPAN; PSTN/ISDN simulation services; Extensible Markup Language (XML) Configuration Access Protocol (XCAP) over the Ut interface for Manipulating NGN PSTN/ISDN Simulation Services,C1
24.424,Management Object (MO) for Extensible Markup Language (XML) Configuration Access Protocol (XCAP) over the Ut interface for Manipulating Supplementary Services (SS),C1
24.428,TISPAN; Common Basic Communication procedures; Protocol specification,C1
24.429,TISPAN; PSTN/ISDN simulation services: Explicit Communication Transfer (ECT); Protocol specification,C1
24.430,"TISPAN; Presence Service Capability; Protocol Specification [3GPP TS 24.141 V7.0.0, modified and OMA-TS-Presence_SIMPLE-V1_0, modified]",C1
24.437,"Digital asset, Spatial mapping and Spatial anchors server - Service Enabler Architecture Layer for Verticals (SEAL); Protocol specification;",C1
24.441,TISPAN; Messaging service using the IP Multimedia (IM) Core Network (CN) subsystem; Stage 3: Protocol specifications [Endorsement of 3GPP TS 24.247 Release 6],C1
24.447,TISPAN; NGN IMS Supplementary Services; Advice Of Charge (AOC),C1
24.451,TISPAN; Support of SMS and MMS over NGN IMS subsystem; Stage 3 [Endorsement of 3GPP TS 24.341 Release 7],C1
24.454,TISPAN; PSTN/ISDN simulation services; Protocol specification Closed User Group (CUG),C1
24.458,TISPAN; SIP Transfer of IP Multimedia Service Tariff Information; Protocol specification,C1
24.481,Mission Critical Services (MCS) group management; Protocol specification,C1
24.482,Mission Critical Services (MCS) identity management; Protocol specification ,C1
24.483,Mission Critical Services (MCS) Management Object (MO),C1
24.484,Mission Critical Services (MCS) configuration management; Protocol specification,C1
24.486,Vehicle-to-Everything (V2X) Application Enabler (VAE) layer; Protocol aspects; Stage 3,C1
24.501,Non-Access-Stratum (NAS) protocol for 5G System (5GS); Stage 3,C1
24.502,Access to the 3GPP 5G Core Network (5GCN) via non-3GPP access networks,C1
24.503,"TISPAN; IP Multimedia Call Control Protocol based on Session Initiation Protocol (SIP) and Session Description Protocol (SDP) Stage 3 [3GPP TS 24.229 (Release 7), modified]",C1
24.504,TISPAN; PSTN/ISDN simulation services: Communication Diversion (CDIV); Protocol specification,C1
24.505,TISPAN; PSTN/ISDN simulation services: Conference (CONF); Protocol specification,C1
24.508,TISPAN; PSTN/ISDN simulation services Terminating Identification Presentation (TIP) and Terminating Identification Restriction (TIR); Protocol specification,C1
24.514,Ranging based services and sidelink positioning in 5G system(5GS); Stage 3,C1
24.516,TISPAN; PSTN/ISDN simulation services; Malicious Communication Identification (MCID); Protocol specification,C1
24.519,5G System (5GS); Time-Sensitive Networking (TSN) Application Function (AF) to Device-Side TSN Translator (DS-TT) and Network-Side TSN Translator (NW-TT) protocol aspects; Stage 3,C1
24.523,Core and enterprise Next Generation Network (NGN) interaction scenarios; Architecture and functional description,C1
24.524,"Hosted enterprise services; Architecture, functional description and signalling",C1
24.525,Business trunking; Architecture and functional description,C1
24.526,User Equipment (UE) policies for 5G System (5GS); Stage 3,C1
24.528,TISPAN; Common Basic Communication procedures; Protocol specification,C1
24.529,TISPAN; PSTN/ISDN simulation services: Explicit Communication Transfer (ECT); Protocol specification,C1
24.534,User Equipment (UE) – Time-Sensitive Networking (TSN) Translator N60 interface specification,C1
24.535,5G System (5GS); Device-Side Time Sensitive Networking (TSN) Translator (DS-TT) to Network-Side TSN Translator (NW-TT) protocol aspects; Stage 3,C1
24.538,Enabling MSGin5G Service; Protocol specification,C1
24.539,5G System (5GS); Network to TSN translator (TT) protocol aspects; Stage 3,C1
24.542,Notification management - Service Enabler Architecture Layer for Verticals (SEAL); Protocol specification;,C1
24.543,Data delivery management - Service Enabler Architecture Layer for Verticals (SEAL); Protocol Specification; ,C1
24.544,Group Management - Service Enabler Architecture Layer for Verticals (SEAL); Protocol specification,C1
24.545,Location Management - Service Enabler Architecture Layer for Verticals (SEAL); Protocol specification,C1
24.546,Configuration management - Service Enabler Architecture Layer for Verticals (SEAL); Protocol specification,C1
24.547,Identity management - Service Enabler Architecture Layer for Verticals (SEAL); Protocol specification,C1
24.548,Network Resource Management - Service Enabler Architecture Layer for Verticals (SEAL); Protocol specification,C1
24.549,Network slice capability enablement- Service Enabler Architecture Layer for Verticals (SEAL); Protocol specification; Stage 3,C1
24.550,"Digital asset, Spatial mapping and Spatial anchors server - Service Enabler Architecture Layer for Verticals (SEAL); Protocol specification;",C1
24.554,Proximity-services (ProSe) in 5G System (5GS) protocol aspects; Stage 3,C1
24.555,Proximity-services (ProSe) in 5G System (5GS); User Equipment (UE) policies; Stage 3,C1
24.558,Enabling Edge Applications; Protocol specification,C1
24.559,Application Data Analytics Enablement Service (ADAES); Stage 3,C1
24.560,Artificial Intelligence Machine Learning (AIML) Services - Service Enabler Architecture Layer for Verticals (SEAL); Protocol Specification; Stage 3,C1
24.568,WLAN connectivity for 5GS Management Object (MO),C1
24.571,5G System (5GS); Control plane Location Services (LCS) procedures; Stage 3,C1
24.572,5G System (5GS); User plane Location Services (LCS) protocols and procedures; Stage 3,C1
24.575,5G System; Multicast/Broadcast UE pre-configuration Management Object (MO),C1
24.577,Aircraft-to-Everything (A2X) services in 5G System (5GS) protocol aspects; Stage 3,C1
24.578,Aircraft-to-Everything (A2X) services in 5G System (5GS); UE policies,C1
24.581,Mission Critical Video (MCVideo) media plane control; Protocol specification,C1
24.582,Mission Critical Data (MCData) media plane control; Protocol specification,C1
24.583,Application layer support for Personal IoT Network (PINAPP); Stage 3,C1
24.587,Vehicle-to-Everything (V2X) services in 5G System (5GS); Stage 3,C1
24.588,Vehicle-to-Everything (V2X) services in 5G System (5GS); User Equipment (UE) policies; Stage 3,C1
24.604,Communication Diversion (CDIV) using IP Multimedia (IM) Core Network (CN) subsystem;  Protocol specification,C1
24.605,Conference (CONF) using IP Multimedia (IM) Core Network (CN) subsystem; Protocol specification,C1
24.606,Message Waiting Indication (MWI) using IP Multimedia (IM) Core Network (CN) subsystem; Protocol specification,C1
24.607,Originating Identification Presentation (OIP) and Originating Identification Restriction (OIR) using IP Multimedia (IM)  Core Network (CN) subsystem; Protocol specification,C1
24.608,Terminating Identification Presentation (TIP) and Terminating Identification Restriction (TIR) using IP Multimedia (IM)  Core Network (CN) subsystem; Protocol specification,C1
24.610,Communication HOLD (HOLD) using IP Multimedia (IM) Core Network (CN) subsystem; Protocol specification,C1
24.611,Anonymous Communication Rejection (ACR) and Communication Barring (CB) using IP Multimedia (IM)  Core Network (CN) subsystem; Protocol specification,C1
24.612,TISPAN; Interworking; Trunking Gateway Control Procedures for interworking between NGN and external CS networks,C3
24.615,Communication Waiting (CW) using IP Multimedia (IM) Core Network (CN) subsystem; Protocol Specification,C1
24.616,Malicious Communication Identification (MCID) using IP Multimedia (IM) Core Network (CN) subsystem; Protocol specification,C1
24.623,Extensible Markup Language (XML) Configuration Access Protocol (XCAP) over the Ut interface for Manipulating Supplementary Services,C1
24.628,Common Basic Communication procedures using IP Multimedia (IM) Core Network (CN) subsystem; Protocol specification,C1
24.629,Explicit Communication Transfer (ECT) using IP Multimedia (IM) Core Network (CN) subsystem; Protocol specification,C1
24.642,Completion of Communications to Busy Subscriber (CCBS) and Completion of Communications by No Reply (CCNR) using IP Multimedia (IM) Core Network (CN) subsystem; Protocol specification,C1
24.647,Advice Of Charge (AOC) using IP Multimedia (IM) Core Network (CN) subsystem,C1
24.654,"Closed User Group (CUG) using IP Multimedia (IM) Core Network (CN) subsystem, Protocol Specification",C1
24.658,TISPAN; SIP Transfer of IP Multimedia Service Tariff Information; Protocol specification,C1
24.801,3GPP System Architecture Evolution (SAE); CT WG1 aspects,C1
24.802,Study on Indication of Network to Network Interface (NNI) routeing scenarios in Session Initiation Protocol (SIP) requests in the IP Multimedia Subsystem (IMS),C3
24.803,Study on telepresence using the IP Multimedia (IM) Core Network (CN) Subsystem (IMS); Stage 3,C1
24.811,Study on the support for minimization of service interruption,C1
24.812,Study on MINT support in EPS for 5G-only national roaming UE,C1
24.819,Protocol impact from providing IMS services via fixed broadband; Stage-3,C1
24.820,3GPP system to fixed broadband access network interworking,C1
24.821,Study on PLMN selection for satellite access ,C1
24.826,Study on impacts on signalling between User Equipment (UE) and core network from energy saving,C1
24.837,IP Multimedia (IM) Core Network (CN) subsystem inter-UE transfer enhancements; Stage 3,C1
24.841,"Presence service based on Session Initiation Protocol (SIP); Functional models, information flows and protocol details",C1
24.879,Combining Circuit-Switched (CS) calls and IP Multimedia Subsystem  (IMS) sessions,C1
24.880,Media server control using the IP Multimedia (IM) Core Network (CN) subsystem; Stage 3,C1
24.883,Mission Critical (MC) systems connection to  Land Mobile Radio (LMR) systems; Stage-3,C1
24.885,Mission Critical (MC) system migration and interconnection,C1
24.890,CT WG1 aspects of 5G; System Phase 1,C1
24.930,Signalling flows for the session setup in the IP Multimedia core network Subsystem (IMS) based on Session Initiation Protocol (SIP)  and Session Description Protocol (SDP); Stage 3,C1
24.969,Business trunking; Next Generation Corporate Network (NGCN) - Next Generation Network (NGN) interfaces implementation guide,C1
24.979,Combining Circuit-Switched (CS) calls and IP Multimedia Subsystem  (IMS) sessions,C1
24.980,Minimum requirements for support of MCPTT service over the Gm reference point,C1
25.101,User Equipment (UE) radio transmission and reception (FDD),R4
25.102,User Equipment (UE) radio transmission and reception (TDD),R4
25.103,RF parameters in support of RRM,R4
25.104,Base Station (BS) radio transmission and reception (FDD),R4
25.105,Base Station (BS) radio transmission and reception (TDD),R4
25.106,UTRA repeater radio transmission and reception,R4
25.111,Location Measurement Unit (LMU) performance specification; User Equipment (UE) positioning in UTRAN,R4
25.113,Base station (BS) and repeater electromagnetic compatibility (EMC),R4
25.116,UTRA repeater radio transmission and reception (LCR TDD),R4
25.123,Requirements for support of radio resource management  (TDD),R4
25.133,Requirements for support of radio resource management  (FDD),R4
25.141,Base Station (BS) conformance testing (FDD),R4
25.142,Base Station (BS) conformance testing (TDD),R4
25.143,UTRA repeater conformance testing,R4
25.144,User Equipment (UE) and Mobile Station (MS) over the air performance requirements,R4
25.153,UTRA repeater conformance testing (LCR TDD),R4
25.171,Requirements for support of Assisted Global Positioning System (A-GPS); Frequency Division Duplex (FDD),R4
25.172,Requirements for support of Assisted Galileo and Additional Navigation Satellite Systems (A-GANSS) Frequency Division Duplex (FDD),R4
25.173,Requirements for support of Assisted Galileo and Additional Navigation Satellite Systems (A-GANSS) Time Division Duplex (TDD),R4
25.201,Physical layer - general description,RP
25.202,7.68 Mcps Time Division Duplex (TDD) option; Overall description: Stage 2,RP
25.211,Physical channels and mapping of transport channels onto physical channels (FDD),RP
25.212,Multiplexing and channel coding (FDD),RP
25.213,Spreading and modulation (FDD),RP
25.214,Physical layer procedures (FDD),RP
25.215,Physical layer; Measurements (FDD),RP
25.221,Physical channels and mapping of transport channels onto physical channels (TDD),RP
25.222,Multiplexing and channel coding  (TDD),RP
25.223,Spreading and modulation (TDD),RP
25.224,Physical layer procedures (TDD),RP
25.225,Physical layer; Measurements (TDD),RP
25.231,Physical layer - Measurements,R1
25.300,Universal Terrestrial Radio Access Network (UTRAN); General description; Stage 2,RP
25.301,Radio interface protocol architecture,RP
25.302,Services provided by the physical layer,RP
25.303,Interlayer procedures in Connected Mode,RP
25.304,User Equipment (UE) procedures in idle mode and procedures for cell reselection in connected mode,RP
25.305,Stage 2 functional specification of User Equipment (UE) positioning in UTRAN,RP
25.306,UE Radio Access capabilities,RP
25.307,Requirements on User Equipments (UEs) supporting a release-independent frequency band,RP
25.308,High Speed Downlink Packet Access (HSDPA); Overall description; Stage 2,RP
25.309,FDD enhanced uplink; Overall description; Stage 2,RP
25.317,High Speed Packet Access (HSPA); Requirements on User Equipments (UEs) supporting a release-independent frequency band combination,R2
25.319,Enhanced uplink; Overall description; Stage 2,RP
25.321,Medium Access Control (MAC) protocol specification,RP
25.322,Radio Link Control (RLC)  protocol specification,RP
25.323,Packet Data Convergence Protocol (PDCP) specification,RP
25.324,Broadcast/Multicast Control (BMC),RP
25.327,High Speed Packet Access (HSPA); Requirements on User Equipments (UEs) supporting a release-independent frequency band and multi-carrier configuration,RP
25.331,Radio Resource Control (RRC); Protocol specification,RP
25.346,Introduction of the Multimedia Broadcast/Multicast Service (MBMS) in the Radio Access Network (RAN); Stage 2,RP
25.367,Mobility procedures for Home Node B (HNB); Overall description; Stage 2,RP
25.401,UTRAN overall description,R3
25.402,Synchronisation in UTRAN Stage 2,R3
25.409,Enhanced uplink UTRA FDD; Stage 3,R3
25.410,UTRAN Iu interface: General aspects and principles,R3
25.411,UTRAN Iu interface layer 1,R3
25.412,UTRAN Iu interface signalling transport,R3
25.413,UTRAN Iu interface Radio Access Network Application Part (RANAP) signalling,R3
25.414,UTRAN Iu interface data transport and transport signalling,R3
25.415,UTRAN Iu interface user plane protocols,R3
25.419,UTRAN Iu-BC interface: Service Area Broadcast Protocol (SABP),R3
25.420,UTRAN Iur interface general aspects and principles,R3
25.421,UTRAN Iur interface layer 1,R3
25.422,UTRAN Iur interface signalling transport,R3
25.423,UTRAN Iur interface Radio Network Subsystem Application Part (RNSAP) signalling,R3
25.424,UTRAN Iur interface data transport & transport signalling for Common Transport Channel data streams,R3
25.425,UTRAN Iur interface user plane protocols for Common Transport Channel data streams,R3
25.426,UTRAN Iur and Iub interface data transport & transport signalling for DCH data streams,R3
25.427,UTRAN Iub/Iur interface user plane protocol for DCH data streams,R3
25.430,UTRAN Iub Interface: general aspects and principles,R3
25.431,UTRAN Iub interface Layer 1,R3
25.432,UTRAN Iub interface: signalling transport,R3
25.433,UTRAN Iub interface Node B Application Part (NBAP) signalling,R3
25.434,UTRAN Iub interface data transport and transport signalling for Common Transport Channel data streams,R3
25.435,UTRAN Iub interface user plane protocols for Common Transport Channel data streams,R3
25.442,UTRAN implementation-specific O&M transport,R3
25.444,Iuh data transport,R3
25.446,MBMS synchronisation protocol (SYNC),R3
25.450,UTRAN Iupc interface general aspects and principles,R3
25.451,UTRAN Iupc interface layer 1,R3
25.452,UTRAN Iupc interface: signalling transport,R3
25.453,UTRAN Iupc interface Positioning Calculation Application Part (PCAP) signalling,R3
25.460,UTRAN Iuant interface: General aspects and principles,R3
25.461,UTRAN Iuant interface: Layer 1,R3
25.462,UTRAN Iuant interface: Signalling transport,R3
25.463,UTRAN Iuant interface: Remote Electrical Tilting (RET) antennas Application Part (RETAP) signalling,R3
25.466,UTRAN Iuant interface: Application part,R3
25.467,UTRAN architecture for 3G Home Node B (HNB); Stage 2,R3
25.468,UTRAN Iuh Interface RANAP User Adaption (RUA) signalling,R3
25.469,UTRAN Iuh interface Home Node B (HNB) Application Part (HNBAP) signalling,R3
25.470,UTRAN Iuh Interface PCAP User Adaption (PUA) signalling,R3
25.471,UTRAN Iurh interface Radio Network Subsystem Application Part (RNSAP) User Adaption (RNA) signalling,R3
25.484,Automatic Neighbour Relation (ANR) for UTRAN; Stage 2,R3
25.700,Study on Further Enhanced Uplink (EUL) enhancements,RP
25.701,Study on scalable UMTS Frequency Division Duplex (FDD) bandwidth,RP
25.702,Study on Dedicated Channel (DCH) enhancements for UMTS,RP
25.703,Universal Terrestrial Radio Access (E-UTRA); Study on Home Node B (HNB) emergency warning area,R3
25.704,Study on enhanced broadcast of system information,RP
25.705,Study on Small data transmission enhancements for UMTS,RP
25.706,Technical Report on Downlink Enhancements for UMTS,RP
25.707,Multi-carrier enhancements for UMTS,RP
25.708,Study on scheduling enhancements with carrier aggregation for UMTS,RP
25.709,Study on a simplified HS-SCCH for UMTS,RP
25.756,RAN sharing enhancements for UMTS,R3
25.766,Study on Network-Assisted Interference Cancellation and Suppression for UMTS,RP
25.800,Technical Report on UMTS Heterogeneous Networks,RP
25.801,Feasibility study for improved access to User Equipment (UE) measurement data for Controlling Radio Network Controller (CRNC) to support Time Division Duplex (TDD) Radio Resource Management (RRM),R3
25.802,Remote control of electrical tilting antennas,R3
25.803,S-CCPCH performance for Multimedia Broadcast/Multicast Service (MBMS),RP
25.804,Feasibility study on uplink enhancements for UTRA TDD,RP
25.805,DS-CDMA introduction in the 800 MHz band,R4
25.806,UMTS 1700/2100MHz Work Item,R4
25.807,Low output powers for general purpose Frequency Division Duplex (FDD) Base Station (BS),R3
25.808,FDD enhanced uplink; Physical layer aspects,RP
25.809,7.68 Mcps TDD option: Physical layer,RP
25.810,UMTS 2.6 GHz (FDD) Work Item Technical Report,R4
25.811,UMTS 2.6 GHz TDD Work Item Technical Report,R4
25.812,Requirements for evolved Universal Terrestrial Radio Access (UTRA) and Universal Terrestrial Radio Access Network (UTRAN),RP
25.813,Evolved Universal Terrestrial Radio Access (E-UTRA) and Evolved Universal Terrestrial Radio Access Network (E-UTRAN); Radio interface protocol aspects,RP
25.814,Physical layer aspect for evolved Universal Terrestrial Radio Access (UTRA),RP
25.815,Signalling enhancements for Circuit Switched (CS) and Packet Switched (PS) connections; Analyses and recommendations,RP
25.816,UMTS 900 MHz Work Item technical teport,RP
25.817,UMTS 1700 Work item Technical Report,R4
25.818,UTRA tower mounted amplifier (FDD) study item technical report,R4
25.819,7.68 Mcps TDD option: Layer 2 and 3 protocol aspects,R2
25.820,3G Home Node B (HNB) study item Technical Report,R4
25.821,UMTS1500 MHz work item technical report,R4
25.822,UMTS 700 MHz Work Item Technical Report,R4
25.823,Feasibility study on synchronized E-DCH for UTRA FDD,RP
25.824,Scope of HighSpeed Packet Access (HSPA) Evolution for 1.28Mcps TDD,RP
25.825,Dual-cell High Speed Downlink Packet Access (HSDPA) operation,R1
25.826,3.84 Mcps TDD enhanced uplink; Physical layer aspects,RP
25.827,1.28 Mcps TDD ehanced uplink; Physical layer aspects,RP
25.828,UMTS 2300 TDD Work Item Technical Report,R4
25.829,"7.68 Mcps TDD opption: RF transmission/reception, System performance requirements and conformance testing",R4
25.830,HS-PDSCH serving cell change procedure and performance,R1
25.831,Study Items for future release,R3
25.832,Manifestations of Handover and SRNS relocation,R3
25.833,Physical layer items not for inclusion in Release 99,RP
25.834,UTRA TDD low chip rate option; Radio protocol aspects,RP
25.835,Report on hybrid ARQ type II/III,R2
25.836,Node B synchronization for TDD,RP
25.837,Hybrid ARQ Type II/III (Iub/Iur aspects),R3
25.838,Node B Synchronisation for TDD (Iub/Iur aspects),R3
25.839,Uplink Synchronous Transmission Scheme (USTS) (Iur/Iub aspects),R3
25.840,Terminal power saving features,RP
25.841,DSCH power control improvement in soft handover,RP
25.842,Smart antenna,R1
25.843,1.28 Mcps TDD UE Radio Access Capabilities,RP
25.844,Radio acces bearer support enhancements,RP
25.845,FDD RACH and AICH performance requirements,R4
25.846,CPCH performance,R4
25.847,UE positioning enhancements,RP
25.848,Physical Layer Aspects of UTRA High Speed Downlink Packet Access,RP
25.849,DSCH power control improvement in soft handover,R3
25.850,UE positioning in UTRAN Iub/Iur protocol aspects,R3
25.851,RAB Quality of Service (QoS) Renegotiation over Iu,R3
25.852,Iu enhancements for IP Multimedia (IMS) support in UTRAN,R3
25.853,Delay budget within the access stratum,R3
25.854,Uplink Synchronous Transmission Scheme (USTS),RP
25.855,High Speed Downlink Packet Access (HSDPA); Overall UTRAN description,R2
25.856,High Speed Downlink Packet Access (HSDPA); Layer 2 and 3 aspects,R2
25.857,UE positioning enhancements,R2
25.858,Physical layer aspects of UTRA High Speed Downlink Packet Access,RP
25.859,User Equipment (UE) positioning enhancements for 1.28 Mcps TDD,RP
25.860,Radio acces bearer support enhancements,RP
25.861,RNC - SMLC location protocol,R2
25.862,RAB support for IMS,RP
25.863,Universal Terrestrial Radio Access (UTRA); Uplink transmit diversity for High Speed Packet Access (HSPA),R4
25.864,Downlink configurations for Four-carrier High Speed Download Packet Access (4C-HSDPA),R4
25.865,Improvements of distributed antenna for 1.28 Mcps TDD,RP
25.866,1.28 Mcps TDD Home Node B (HNB) study item technical report,R4
25.867,Feasibility study for wideband distribution systems in 3rd generation networks,R4
25.868,"Node B synchronization for 1,28 Mcps TDD",RP
25.869,Transmitter diversity solutions for multiple antennas,R1
25.870,Enhancement on the DSCH Hard Split mode,RP
25.871,Uplink Multiple Input Multiple Output (MIMO) for High Speed Packet Access (HSPA),RP
25.872,High Speed Packet Access (HSDPA) multipoint transmission,RP
25.873,UE Demodulation Performance Requirements Under Multiple-cell Scenario for 1.28Mcps TDD,R4
25.874,High Speed Packet Access (HSPA) feedback and signalling efficiency enhancements for Low Chip Rate (LCR) Time Division Duplex (TDD),RP
25.875,NAS node selector function,R3
25.876,Multiple Input Multiple Output (MIMO) antennae in UTRA,RP
25.877,High Speed Downlink Packet Access (HSDPA) - Iub/Iur Protocol Aspects,R3
25.878,RL timing adjustment,R3
25.879,Separation of resource reservation and radio link activation,R3
25.880,Re-arrangement of Iub transport bearers,R3
25.881,Improvement of Radio Resource Management (RRM) across RNS and RNS/BSS,R3
25.882,"1,28 Mcps TDD option base station classification",R4
25.883,Direct Transport Bearers Between SRNC and Node-B,R3
25.884,Iur Neighbouring cell reporting efficiency optimisation,R3
25.885,UMTS 1800 / 1900 MHz work items report,R4
25.886,Small technical enhancements and improvements work item,R4
25.887,Beamforming enhancements,RP
25.888,"Improvement of inter frequency and inter system measurement for 1,28 Mcps TDD",RP
25.889,Feasibility study considering the viable deployment of UTRA in additional and diverse spectrum arrangements,R4
25.890,High Speed Downlink Packet Access (HSDPA); User Equipment (UE) radio transmission and reception (FDD),R4
25.891,Improvement of Radio Resource Management (RRM) across RNS and RNS/BSS post-Rel-5,R3
25.892,Feasibility study for Orthogonal Frequency Division Multiplexing (OFDM) for UTRAN enhancement,RP
25.893,Radio access bearer scenarios,R2
25.894,Enhanced UE positioning using software blanking,R2
25.895,Analysis of higher chip rates for UTRA TDD evolution,RP
25.896,Feasibility study for enhanced uplink for UTRA FDD,RP
25.897,Feasibility study on the evolution of UTRAN architecture,R3
25.898,Power control enhancements for UTRA,R1
25.899,High Speed Downlink Packet Access (HSDPA) enhancements,RP
25.901,Network Assisted Cell Change (NACC) from UTRAN to GERAN; Network side aspects,R3
25.902,Iub/Iur congestion control,R3
25.903,Continuous connectivity for packet data users,RP
25.904,Improved support of gaming over HSDPA/EDCH,R2
25.905,Feasibility study on improvement of the Multimedia Broadcast/Multicast Service (MBMS) in UTRAN,RP
25.906,Dynamically reconfiguring a Frequency Division Duplex (FDD) User Equipment (UE) receiver to reduce power consumption when desired Quality of Service (QoS) is met,R4
25.907,Evaluation of path-loss technologies for Location Services (LCS),R4
25.909,Enhanced uplink UTRA FDD; UTRAN Iub/Iur protocol aspects,R3
25.912,Feasibility study for evolved Universal Terrestrial Radio Access (UTRA) and Universal Terrestrial Radio Access Network (UTRAN),RP
25.913,Requirements for Evolved UTRA (E-UTRA) and Evolved UTRAN (E-UTRAN),RP
25.914,Measurements of radio performances for UMTS terminals in speech mode,R4
25.921,Guidelines and principles for protocol description and error handling,RP
25.922,Radio resource management strategies,RP
25.924,Opportunity Driven Multiple Access (ODMA),R2
25.925,Radio Interface for Broadcast/Multicast Services,RP
25.926,UE Radio Access capabilities definition,R2
25.927,Solutions for energy saving within UTRA Node B,RP
25.928,"1,28 Mcps functionality for UTRA TDD physical layer",RP
25.929,Continuous connectivity for packet data users; 1.28 Mcps TDD,RP
25.931,"UTRAN functions, examples on signalling procedures",R3
25.932,Delay budget within the access stratum,R3
25.933,IP transport in UTRAN,R3
25.934,AAL2 QoS optimization,R3
25.935,RRM optimisation,R3
25.936,Handover for realtime services from PS-domain,R3
25.937,UTRAN TDD low chiprate,R3
25.938,Terminal power saving features,R3
25.941,Document structure,R4
25.942,Radio Frequency (RF) system scenarios,R4
25.943,Deployment aspects,R4
25.944,Channel coding and multiplexing examples,RP
25.945,RF requirements for low chip rate TDD option,R4
25.946,RAB Quality of Service (QoS) Negotiation over Iu,R3
25.950,UTRA High Speed Downlink Packet Access (HSDPA),RP
25.951,FDD Base Station (BS) classification,R4
25.952,TDD Base Station (BS) classification,R4
25.953,TrFO/TFO,R3
25.954,Migration to modification procedure,R3
25.956,Universal Terrestrial Radio Access (UTRA) repeater planning guidelines and system analysis,R4
25.963,Feasibility study on interference cancellation for UTRA FDD User Equipment (UE),R4
25.967,Home Node B (HNB) Radio Frequency (RF) requirements (FDD),R4
25.968,1.28 Mcps TDD Home NodeB Radio Frequency (RF),R4
25.990,Vocabulary for UTRAN,R4
25.991,Feasibility study on the mitigation of the effect of common pilot channel (CPICH) interference at the user equipment,R4
25.992,Multimedia Broadcast/Multicast Service (MBMS); UTRAN/GERAN requirements,RP
25.993,Typical examples of Radio Access Bearers (RABs) and Radio Bearers (RBs) supported by Universal Terrestrial Radio Access (UTRA),RP
25.994,Measures employed by the UMTS Radio Access Network (UTRAN) to overcome early User Equipment (UE) implementation faults,RP
25.995,Measures employed by the UMTS Radio Access Network (RAN) to cater for legacy User Equipment (UE) which conforms to superseded versions of the RAN interface specification,RP
25.996,Spatial channel model for Multiple Input Multiple Output (MIMO) simulations,RP
25.997,"(provisionally reserved for: Remote control of electrical tilting antennas) - TP-20: number not used, bacame 25.802.",R3
25.998,UTRAN recommendation and UE allowance for non-essential corrections of a feature made only in a later release,R2
25.999,High Speed Packet Access (HSPA) evolution; Frequency Division Duplex (FDD),RP
26.071,Mandatory speech CODEC speech processing functions; AMR speech Codec; General description,S4
26.073,ANSI-C code for the Adaptive Multi Rate (AMR) speech codec,S4
26.074,Mandatory speech codec speech processing functions; Adaptive Multi-Rate (AMR) speech codec test sequences,S4
26.077,Minimum performance requirements for Noise Suppresser; Application to the Adaptive Multi-Rate (AMR) speech encoder,S4
26.078,Results of the AMR noise suppression selection phase,S4
26.090,Mandatory Speech Codec speech processing functions; Adaptive Multi-Rate (AMR) speech codec; Transcoding functions,S4
26.091,Mandatory Speech Codec speech processing functions; Adaptive Multi-Rate (AMR) speech codec; Error concealment of lost frames,S4
26.092,Mandatory speech codec speech processing functions; Adaptive Multi-Rate (AMR) speech codec; Comfort noise aspects,S4
26.093,Mandatory speech codec speech processing functions Adaptive Multi-Rate (AMR) speech codec; Source controlled rate operation,S4
26.094,Mandatory speech codec speech processing functions; Adaptive Multi-Rate (AMR) speech codec; Voice Activity Detector (VAD),S4
26.101,Mandatory speech codec speech processing functions; Adaptive Multi-Rate (AMR) speech codec frame structure,S4
26.102,"Mandatory speech codec; Adaptive Multi-Rate (AMR) speech codec; Interface to Iu, Uu and Nb",S4
26.103,Speech codec list for GSM and UMTS,S4
26.104,ANSI-C code for the floating-point Adaptive Multi-Rate (AMR) speech codec,S4
26.110,Codec for circuit switched multimedia telephony service; General description,S4
26.111,Codec for circuit switched multimedia telephony service; Modifications to H.324,S4
26.112,Codec(s) for Circuit Switched Multimedia Telephony Service; Call Set-up Requirements,S4
26.113,Real-Time Media Communication; Protocols and APIs,S4
26.114,IP Multimedia Subsystem (IMS); Multimedia Telephony; Media handling and interaction,S4
26.115,Echo control for speech and multimedia services,S4
26.116,Television (TV) over 3GPP services; Video profiles,S4
26.117,5G Media Streaming (5GMS); Speech and audio profiles,S4
26.118,Virtual Reality (VR) profiles for streaming applications,S4
26.119,Media Capabilities for Augmented Reality,S4
26.130,Speech/Audio Codec RTP Payload Format Conformance for UE Testing,S4
26.131,Terminal acoustic characteristics for telephony; Requirements,S4
26.132,Speech and video telephony terminal acoustic test specification,S4
26.133,Wide band speech telephony terminal acoustic characteristics,S4
26.134,Wide band speech telephony terminal acoustic test specification,S4
26.135,Terminal Display and Camera Characteristics for H.324 Narrow-band Video Telephony,S4
26.136,Terminal Display and Camera Test Specifications for H.324 Narrow-band Video Telephony,S4
26.137,Terminal Display and Camera Characteristics for H.323 Narrow-band Video Telephony,S4
26.138,Terminal Display and Camera Test Specifications for H.323 Narrow-band Video Telephony,S4
26.139,Real-time Transport Protocol (RTP) / RTP Control Protocol (RTCP) verification procedures,S4
26.140,Multimedia Messaging Service (MMS); Media formats and codecs,S4
26.141,IP Multimedia System (IMS) Messaging and Presence; Media formats and codecs,S4
26.142,Dynamic and Interactive Multimedia Scenes (DIMS),S4
26.143,Messaging Media profiles,S4
26.150,Syndicated Feed Reception (SFR) within 3GPP environments; Protocols and codecs,S4
26.171,Speech codec speech processing functions; Adaptive Multi-Rate - Wideband (AMR-WB) speech codec; General description,S4
26.173,ANSI-C code for the Adaptive Multi-Rate - Wideband (AMR-WB) speech codec,S4
26.174,Speech codec speech processing functions; Adaptive Multi-Rate - Wideband (AMR-WB) speech codec test sequences,S4
26.177,Speech Enabled Services (SES); Distributed Speech Recognition (DSR) extended advanced front-end test sequences,S4
26.179,Mission Critical Push To Talk (MCPTT); Codecs and media handling,S4
26.190,Speech codec speech processing functions; Adaptive Multi-Rate - Wideband (AMR-WB) speech codec; Transcoding functions,S4
26.191,Speech codec speech processing functions; Adaptive Multi-Rate - Wideband (AMR-WB) speech codec; Error concealment of erroneous or lost frames,S4
26.192,Speech codec speech processing functions; Adaptive Multi-Rate - Wideband (AMR-WB) speech codec; Comfort noise aspects,S4
26.193,Speech codec speech processing functions; Adaptive Multi-Rate - Wideband (AMR-WB) speech codec; Source controlled rate operation,S4
26.194,Speech codec speech processing functions; Adaptive Multi-Rate - Wideband (AMR-WB) speech codec; Voice Activity Detector (VAD),S4
26.201,Speech codec speech processing functions; Adaptive Multi-Rate - Wideband (AMR-WB) speech codec; Frame structure,S4
26.202,"Speech codec speech processing functions; Adaptive Multi-Rate - Wideband (AMR-WB) speech codec; Interface to Iu, Uu and Nb",S4
26.204,Speech codec speech processing functions; Adaptive Multi-Rate - Wideband (AMR-WB) speech codec; ANSI-C code,S4
26.223,Telepresence using the IP Multimedia Subsystem (IMS); Media handling and interaction,S4
26.226,Cellular text telephone modem; General description,S4
26.230,Cellular text telephone modem; Transmitter bit exact C-code,S4
26.231,Cellular text telephone modem; Minimum performance requirements,S4
26.233,Transparent end-to-end Packet-switched Streaming service (PSS); General description,S4
26.234,Transparent end-to-end Packet-switched Streaming Service (PSS); Protocols and codecs,S4
26.235,Packet switched conversational multimedia applications; Default codecs,S4
26.236,Packet switched conversational multimedia applications; Transport protocols,S4
26.237,IP Multimedia Subsystem (IMS) based Packet Switch Streaming (PSS) and Multimedia Broadcast/Multicast Service (MBMS) User Service; Protocols,S4
26.238,Uplink streaming,S4
26.243,ANSI-C code for the fixed-point distributed speech recognition extended advanced front-end,S4
26.244,Transparent end-to-end packet switched streaming service (PSS); 3GPP file format (3GP),S4
26.245,Transparent end-to-end Packet switched Streaming Service (PSS); Timed text format,S4
26.246,Transparent end-to-end Packet-switched Streaming Service (PSS); 3GPP SMIL language profile,S4
26.247,Transparent end-to-end Packet-switched Streaming Service (PSS); Progressive Download and Dynamic Adaptive Streaming over HTTP (3GP-DASH),S4
26.249,Immersive Audio for Split Rendering Scenarios; Detailed Algorithmic Description of Split Rendering Functions,S4
26.250,Codec for Immersive Voice and Audio Services (IVAS); General overview,S4
26.251,Codec for Immersive Voice and Audio Services (IVAS); C code (fixed-point),S4
26.252,Codec for Immersive Voice and Audio Services (IVAS); Test sequences,S4
26.253,Codec for Immersive Voice and Audio Services (IVAS); Detailed Algorithmic Description including RTP payload format and SDP parameter definitions,S4
26.254,Codec for Immersive Voice and Audio Services (IVAS); Rendering,S4
26.255,Codec for Immersive Voice and Audio Services (IVAS); Error concealment of lost packets,S4
26.256,Codec for Immersive Voice and Audio Services (IVAS); Jitter Buffer Management,S4
26.258,Codec for Immersive Voice and Audio Services (IVAS); C code (floating-point),S4
26.259,Subjective test methodologies for the evaluation of immersive audio systems ,S4
26.260,Objective test methodologies for the evaluation of immersive audio systems,S4
26.261,Terminal audio quality performance requirements for immersive audio services,S4
26.264,IMS-based AR Real-Time Communication,S4
26.265,Media Delivery: Video Capabilities and Operating Points,S4
26.267,eCall data transfer; In-band modem solution; General description,S4
26.268,eCall data transfer; In-band modem solution; ANSI-C reference code,S4
26.269,eCall data transfer; In-band modem solution; Conformance testing,S4
26.273,ANSI-C code for the fixed-point Extended Adaptive Multi-Rate - Wideband (AMR-WB+) speech codec,S4
26.274,Audio codec processing functions; Extended Adaptive Multi-Rate - Wideband (AMR-WB+) speech codec; Conformance testing,S4
26.281,Mission Critical Video (MCVideo); Codecs and media handling,S4
26.290,Audio codec processing functions; Extended Adaptive Multi-Rate - Wideband (AMR-WB+) codec; Transcoding functions,S4
26.304,Extended Adaptive Multi-Rate - Wideband (AMR-WB+) codec; Floating-point ANSI-C code,S4
26.307,Presentation layer for 3GPP services,S4
26.346,Multimedia Broadcast/Multicast Service (MBMS); Protocols and codecs,S4
26.347,Multimedia Broadcast/Multicast Service (MBMS); Application Programming Interface and URL,S4
26.348,Northbound Application Programming Interface (API) for Multimedia Broadcast/Multicast Service (MBMS) at the xMB reference point,S4
26.401,General audio codec audio processing functions; Enhanced aacPlus general audio codec; General description,S4
26.402,General audio codec audio processing functions; Enhanced aacPlus general audio codec; Additional decoder tools,S4
26.403,General audio codec audio processing functions; Enhanced aacPlus general audio codec; Encoder specification; Advanced Audio Coding (AAC) part,S4
26.404,General audio codec audio processing functions; Enhanced aacPlus general audio codec; Enhanced aacPlus encoder Spectral Band Replication (SBR) part,S4
26.405,General audio codec audio processing functions; Enhanced aacPlus general audio codec; Encoder specification parametric stereo part,S4
26.406,General audio codec audio processing functions; Enhanced aacPlus general audio codec; Conformance testing,S4
26.410,General audio codec audio processing functions; Enhanced aacPlus general audio codec; Floating-point ANSI-C code,S4
26.411,General audio codec audio processing functions; Enhanced aacPlus general audio codec; Fixed-point ANSI-C code,S4
26.412,Source code for 3GP file format,S4
26.430,Timed graphics,S4
26.441,Codec for Enhanced Voice Services (EVS); General overview,S4
26.442,Codec for Enhanced Voice Services (EVS); ANSI C code (fixed-point),S4
26.443,Codec for Enhanced Voice Services (EVS); ANSI C code (floating-point),S4
26.444,Codec for Enhanced Voice Services (EVS); Test sequences,S4
26.445,Codec for Enhanced Voice Services (EVS); Detailed algorithmic description,S4
26.446,Codec for Enhanced Voice Services (EVS); Adaptive Multi-Rate - Wideband (AMR-WB) backward compatible functions,S4
26.447,Codec for Enhanced Voice Services (EVS); Error concealment of lost packets,S4
26.448,Codec for Enhanced Voice Services (EVS); Jitter Buffer Management,S4
26.449,Codec for Enhanced Voice Services (EVS); Comfort Noise Generation (CNG) aspects,S4
26.450,Codec for Enhanced Voice Services (EVS); Discontinuous Transmission (DTX),S4
26.451,Codec for Enhanced Voice Services (EVS); Voice Activity Detection (VAD),S4
26.452,Codec for Enhanced Voice Services (EVS); ANSI C code; Alternative fixed-point using updated basic operators,S4
26.453,Codec for Enhanced Voice Services (EVS); Speech codec frame structure,S4
26.454,"Codec for Enhanced Voice Services (EVS); Interface to Iu, Uu, Nb and Mb",S4
26.501,5G Media Streaming (5GMS); General description and architecture,S4
26.502,5G multicast-broadcast services; User service architecture ,S4
26.506,5G Real-time Media Communication Architecture (Stage 2),S4
26.510,Media delivery; interactions and APIs for provisioning and media session handling,S4
26.511,"5G Media Streaming (5GMS); Profiles, codecs and formats",S4
26.512,5G Media Streaming (5GMS); Protocols,S4
26.517,5G Multicast-Broadcast User Services; Protocols and Formats,S4
26.522,5G Real-time Media Transport Protocol Configurations,S4
26.531,Data Collection and Reporting; General Description and Architecture,S4
26.532,Data Collection and Reporting; Protocols and Formats,S4
26.565,Split Rendering Media Service Enabler,S4
26.566,Immersive Audio for Split Rendering Scenarios,S4
26.567,Split rendering over IMS,S4
26.801,User Equipment (UE) supporting handset mode with non-traditional earpieces,S4
26.802,Multicast Architecture Enhancement for  5G Media Streaming,S4
26.803,Study on 5G Media Streaming Extensions for Edge Processing,S4
26.804,Study on 5G media streaming extensions,S4
26.805,Study on Media Production over 5G NPN Systems,S4
26.806,"Study on Tethering AR Glasses – Architectures, QoS and Media Aspects ",S4
26.812,QoE metrics for AR/MR services,S4
26.813,Avatar Representation and Communication,S4
26.818,Virtual Reality (VR) streaming audio; Characterization test results,S4
26.819,Spatial Computing for AR Services,S4
26.822,"Study on 5G Real-time Transport Protocol Configurations, Phase 2",S4
26.827,IP Multimedia Subsystem (IMS) based streaming and download delivery enhancements,S4
26.830,Study on the enhancement for Immersive Real-Time communication for WebRTC; Phase 2,S4
26.841,Study on Media Messaging,S4
26.843,Codec for Enhanced Voice Services (EVS); Study on non-bit-exact conformance criteria and tools for floating-point EVS codec,S4
26.847,Evaluation of Artificial Intelligence and Machine learning in 5G media services,S4
26.848,Multimedia Broadcast/Multicast Service (MBMS); Enhanced MBMS operation,S4
26.849,Multimedia Broadcast/Multicast Service (MBMS) improvements; MBMS operation on demand,S4
26.850,MBMS for Internet of Things (IoT),S4
26.851,Enhancements to Multimedia (EMM); Download Delivery Enhancements (DDE) and IMS-based PSS and MBMS streaming synchronization Enhancements (IPME) aspects,S4
26.852,Multimedia Broadcast/Multicast Service (MBMS); Extensions and profiling,S4
26.854,Study on Haptics in 5G Media Services,S4
26.855,Study on Film Grain Synthesis,S4
26.857,5G Media Service Enablers,S4
26.858,Study on APIs for 3GPP Speech and Audio Codecs,S4
26.861,Investigations on test methodologies for immersive audio systems,S4
26.862,"Immersive Teleconferencing and Telepresence for Remote Terminals (ITT4RT) Use Cases, Requirements and Potential Solutions",S4
26.865,Immersive Audio for Split Rendering Scenarios; Requirements,S4
26.866,Immersive Audio for Split Rendering Scenarios; Performance characterization,S4
26.879,"Mission Critical Push To Talk (MCPTT); Media, codecs and Multimedia Broadcast/Multicast Service (MBMS) enhancements for MCPTT over LTE",S4
26.880,Study on MBMS usage and codecs for  MC Video Service,S4
26.881,Forward Error Correction (FEC) for Mission Critical Services,S4
26.891,5G enhanced mobile broadband; Media distribution,S4
26.901,Adaptive Multi-Rate Wideband (AMR-WB) speech codec; Feasibility study report,S4
26.902,Video codec performance,S4
26.903,Improved video support for Packet Switched Streaming (PSS) and Multimedia Broadcast/Multicast Service (MBMS) Services,S4
26.904,Improved video coding support,S4
26.905,Mobile stereoscopic 3D video,S4
26.906,Evaluation of High Efficiency Video Coding (HEVC) for 3GPP services,S4
26.907,HTML5 for a new presentation layer in 3GPP services,S4
26.908,HTML5 Presentation layer,S4
26.909,Study on improved streaming Quality of Experience (QoE) reporting in 3GPP services and networks,S4
26.910,Study on media handling aspects of Radio Access Network (RAN) delay budget reporting in Multimedia Telephony Service for Internet Protocol (IP) Multimedia Subsystem (IMS) (MTSI),S4
26.911,Codec(s) for Circuit-Switched (CS) multimedia telephony service; Terminal implementor’s guide,S4
26.912,Codec for Circuit switched Multimedia Telephony Service; Quantitative performance evaluation of H.324 Annex C over 3G,S4
26.913,Quantitative performance evaluation of real-time packet switched multimedia services over 3G,S4
26.914,Multimedia telephony over IP Multimedia Subsystem (IMS); Optimization opportunities,S4
26.915,Echo Control For Speech and Multi-Media Services,S4
26.916,Media handling and Quality aspects of SRVCC,S4
26.917,Multimedia Broadcast Multicast Services (MBMS) and Packet-switched Streaming Service (PSS) enhancements to support television services,S4
26.918,Virtual Reality (VR) media services over 3GPP,S4
26.919,Study on media handling aspects of conversational services in 5G systems,S4
26.920,Architectural Model for the 3G Transcoders,S4
26.921,Investigations on ambient noise reproduction systems for acoustic testing of terminals,S4
26.922,Video telephony robustness improvements extensions; Performance evaluation,S4
26.923,Study on media handling aspects of IP Multimedia Subsystem (IMS) based telepresence,S4
26.924,Multimedia telephony over IP Multimedia Subsystem (IMS); Study on improved end-to-end Quality of Service (QoS) handling for Multimedia Telephony Service for IMS (MTSI),S4
26.925,Typical traffic characteristics of media services on 3GPP networks,S4
26.926,Traffic Models and Quality Evaluation Methods for Media and XR Services in 5G Systems ,S4
26.927,Study on Artificial Intelligence and Machine learning in 5G media services,S4
26.928,Extended Reality (XR) in 5G,S4
26.929,QoE parameters and metrics relevant to the Virtual Reality (VR) user experience,S4
26.930,Study on the enhancement for Immersive Real-Time communication for WebRTC,S4
26.931,Evaluation of Additional Acoustic Tests for Speech Telephony,S4
26.932,Study on User Equipment (UE) characteristics and performance for video telephony ,S4
26.933,Study on Diverse Audio Capturing system,S4
26.935,Packet Switched (PS) conversational multimedia applications; Performance characterisation of default codecs,S4
26.936,Performance characterization of 3GPP audio codecs,S4
26.937,Transparent end-to-end Packet-switched Streaming Service (PSS); Real-time Transport Protocol (RTP) usage model,S4
26.938,Packet-switched Streaming Service (PSS); Improved support for dynamic adaptive streaming over HTTP in 3GPP,S4
26.939,Guidelines on the Framework for Live Uplink Streaming (FLUS),S4
26.940,Study on Ultra Low Bit rate Speech Codecs,S4
26.941,Network Slicing Extensions for 5G media services,S4
26.942,Study on Media enerGy consumption exposuRE and EvaluatioN framework,S4
26.943,Recognition performance evaluations of codecs for Speech Enabled Services (SES),S4
26.944,End-to-end multimedia services performance metrics,S4
26.946,Multimedia Broadcast/Multicast Service (MBMS) user service guidelines,S4
26.947,Multimedia Broadcast/Multicast Service (MBMS); Selection and characterisation of application layer Forward Error Correction (FEC),S4
26.948,Study on video enhancements in 3GPP multimedia services,S4
26.949,Video formats for 3GPP services,S4
26.950,Study on Surround Sound codec extension for Packet Switched Streaming (PSS) and Multimedia Broadcast/Multicast Service (MBMS),S4
26.951,"Enhancements to Multimedia (EMM); EMM, DDE and IPME Aspects",S4
26.952,Codec for Enhanced Voice Services (EVS); Performance characterization,S4
26.953,Interactivity support for 3GPP-based streaming and download services,S4
26.954,Test plan for speech quality and delay through a headset electrical interface,S4
26.955,Video codec characteristics for 5G-based services and applications,S4
26.956,Evaluation and Characterization of Beyond 2D Video Formats and Codecs,S4
26.957,Study on Server And Network-assisted Dynamic Adaptive Streaming over HTTP (DASH) (SAND) for 3GPP multimedia services,S4
26.959,Study on enhanced Voice over LTE (VoLTE) performance,S4
26.962,Immersive Teleconferencing and Telepresence for Remote Terminals (ITT4RT) Operation and Usage Guidelines,S4
26.966,Evaluation of new HEVC coding tools,S4
26.967,eCall data transfer; In-band modem solution,S4
26.969,eCall data transfer; In-band modem solution; Characterization report,S4
26.973,Update to fixed-point basic operators,S4
26.975,Performance characterization of the Adaptive Multi-Rate (AMR) speech codec,S4
26.976,Performance characterization of the Adaptive Multi-Rate Wideband (AMR-WB) speech codec,S4
26.978,Results of the Adaptive Multi-Rate (AMR) noise suppression selection phase,S4
26.979,"Mission Critical Push To Talk; Media, codecs and MBMS enhancements for Mission Critical Push to Talk over LTE",S4
26.980,Multimedia telephony over IP Multimedia Subsystem (IMS); Media handling aspects of multi-stream multiparty conferencing for Multimedia Telephony Service for IMS (MTSI),S4
26.981,MBMS Extensions for Provisioning and Content Ingestion,S4
26.982,Implementation guidelines for Multiparty RTT,S4
26.985,Vehicle-to-everything (V2X); Media handling and interaction,S4
26.989,"Mission Critical Push To Talk (MCPTT); Media, codecs and Multimedia Broadcast/Multicast Service (MBMS) enhancements for MCPTT over LTE",S4
26.996,Immersive Audio for Split Rendering Scenarios; Performance characterization,S4
26.997,Codec for Immersive Voice and Audio Services (IVAS); Performance characterization,S4
26.998,Support of 5G glass-type Augmented Reality / Mixed Reality (AR/MR) devices,S4
26.999,Virtual Reality (VR) streaming interoperability and characterization,S4
27.001,General on Terminal Adaptation Functions (TAF) for Mobile Stations (MS),C3
27.002,Terminal Adaptation Functions (TAF) for services using asynchronous bearer capabilities,C3
27.003,Terminal Adaptation Functions (TAF) for services using synchronous bearer capabilities,C3
27.005,Use of Data Terminal Equipment - Data Circuit terminating Equipment (DTE - DCE) interface for Short Message Service (SMS) and Cell Broadcast Service (CBS),C1
27.007,AT command set for User Equipment (UE),C1
27.00U,Principles for handling of data services in the UMTS,S5
27.010,Terminal Equipment to User Equipment (TE-UE) multiplexer protocol,C3
27.060,Packet domain;  Mobile Station (MS) supporting Packet Switched services,C3
27.103,Wide Area Network Synchronization,C1
27.104,vObjects and other constructs for data synchronization,T2
27.150,"(Reserved for: ""Telecommunication management;  User Equipment Management (UEM);  UEM protocol specification; Stage 3"")",T2
27.226,Global Text telephony (GTT);Terminal aspects,T2
27.241,3GPP generic user profile requirements; Stage 3; Access; Common objects,T2
27.901,Report on Terminal Interfaces - An Overview,C3
27.903,Discussion of synchronization standards,C1
28.020,Rate Adaptation on the Base Station System - Mobile Service Switching Centre (BSS-MSC) Interface,N3
28.062,Inband Tandem Free Operation (TFO) of speech codecs; Service description; Stage 3,S4
28.100,Management and orchestration; Levels of autonomous network,S5
28.101,Management of Converged Networks; Requirements,S5
28.102,Management of Converged Networks; Stage 2,S5
28.103,Management and orchestration; Management data collection control and discovery,S5
28.104,Management and orchestration; Management Data Analytics (MDA),S5
28.105,Management and orchestration; Artificial Intelligence/ Machine Learning (AI/ML) management,S5
28.111,Management and orchestration; Fault management (FM),S5
28.201,Charging management; Network slice performance and analytics charging in the 5G System (5GS); Stage 2  ,S5
28.202,Charging management; Network slice management charging in the 5G System (5GS); Stage 2,S5
28.203,Charging management; Network slice admission control charging in the 5G System (5GS),S5
28.204,Charging management; Network slice-specific authentication and authorization charging in the 5G System (5GS),S5
28.301,Telecommunication management; Licensed Shared Access (LSA) Controller (LC) Integration Reference Point (IRP); Requirements,S5
28.302,Telecommunication management; Licensed Shared Access (LSA) Controller (LC) Integration Reference Point (IRP); Information Service (IS),S5
28.303,Telecommunication management; Licensed Shared Access (LSA) Controller (LC) Integration Reference Point (IRP); Solution Set (SS) definitions,S5
28.304,"Control and monitoring of Power, Energy and Environmental (PEE) parameters Integration Reference Point (IRP); Requirements",S5
28.305,"Control and monitoring of Power, Energy and Environmental (PEE) parameters Integration Reference Point (IRP); Information Service (IS)",S5
28.306,"Control and monitoring of Power, Energy and Environmental (PEE) parameters Integration Reference Point (IRP); Solution Set (SS) definitions",S5
28.307,Telecommunication management; Quality of Experience (QoE) measurement collection Integration Reference Point (IRP); Requirements,S5
28.308,Telecommunication management;Quality of Experience (QoE) measurement collection Integration Reference Point (IRP); Information Service (IS),S5
28.309,Management of Quality of Experience (QoE) measurement collection Integration Reference Point (IRP); Solution Set (SS) definitions,S5
28.310,Management and orchestration; Energy efficiency of 5G,S5
28.311,Management and orchestration; Network policy management for mobile networks based on Network Function Virtualization (NFV) scenarios,S5
28.312,Management and orchestration; Intent driven management services for mobile networks,S5
28.313,Management and orchestration; Self-Organizing Networks (SON) for 5G networks,S5
28.314,Management and orchestration; Plug and Connect; Concepts and requirements,S5
28.315,Management and orchestration; Plug and Connect; Procedure flows,S5
28.316,Management and orchestration; Plug and Connect; Data formats,S5
28.317,Management and orchestration;Self-configuration of  Radio Access Network Entities (RAN NEs),S5
28.318,Management and Orchestration; Network and services operations for energy utilities,S5
28.319,Management and orchestration; Access Control for Management services,S5
28.390,Telecommunication management; Fixed Mobile Convergence (FMC); Interface Integration Reference Point (IRP) Solution Profiles (SPs),S5
28.401,Telecommunication management; Performance Management (PM); Performance measurements for Core Network (CN) and non-3GPP access Interworking System,S5
28.402,Telecommunication management; Performance Management (PM); Performance measurements for Evolved Packet Core (EPC) and non-3GPP access interworking system,S5
28.403,Telecommunication management; Performance Management (PM); Performance measurements for Wireless Local Area Network (WLAN),S5
28.404,"Telecommunication management; Quality of Experience (QoE) measurement collection; Concepts, use cases and requirements",S5
28.405,Telecommunication management; Quality of Experience (QoE) measurement collection; Control and configuration,S5
28.406,Telecommunication management; Quality of Experience (QoE) measurement collection; Information definition and transport,S5
28.500,"Telecommunication management; Management concept, architecture and requirements for mobile networks that include virtualized network functions",S5
28.510,Telecommunication management; Configuration Management (CM) for mobile networks that include virtualized network functions; Requirements,S5
28.511,Telecommunication management; Configuration Management (CM) for mobile networks that include virtualized network functions; Procedures,S5
28.512,Telecommunication management; Configuration Management (CM) for mobile networks that include virtualized network functions; Stage 2 ,S5
28.513,Telecommunication management; Configuration Management (CM) for mobile networks that include virtualized network functions; Stage 3 ,S5
28.515,Telecommunication management; Fault Management (FM) for mobile networks that include virtualized network functions; Requirements,S5
28.516,Telecommunication management; Fault Management (FM) for mobile networks that include virtualized network functions; Procedures,S5
28.517,Telecommunication management; Fault Management (FM) for mobile networks that include virtualized network functions; Stage 2 ,S5
28.518,Telecommunication management; Fault Management (FM) for mobile networks that include virtualized network functions; Stage 3 ,S5
28.520,Telecommunication management; Performance Management (PM) for mobile networks that include virtualized network functions; Requirements,S5
28.521,Telecommunication management; Performance Management (PM) for mobile networks that include virtualized network functions; Procedures,S5
28.522,Telecommunication management; Performance Management (PM) for mobile networks that include virtualized network functions; Stage 2,S5
28.523,Telecommunication management; Performance Management (PM) for mobile networks that include virtualized network functions; Stage 3 ,S5
28.525,Telecommunication management; Life Cycle Management (LCM) for mobile networks that include virtualized network functions; Requirements,S5
28.526,Telecommunication management; Life Cycle Management (LCM) for mobile networks that include virtualized network functions; Procedures,S5
28.527,Telecommunication management; Life Cycle Management (LCM) for mobile networks that include virtualized network functions; Stage 2 ,S5
28.528,Telecommunication management; Life Cycle Management (LCM) for mobile networks that include virtualized network functions; Stage 3 ,S5
28.530,"Management and orchestration; Concepts, use cases and requirements",S5
28.531,Management and orchestration; Provisioning,S5
28.532,Management and orchestration; Generic management services,S5
28.533,Management and orchestration; Architecture framework,S5
28.535,Management and orchestration; Management services for communication service assurance; Requirements,S5
28.536,Management and orchestration;  Management services for communication service assurance; Stage 2 and stage 3,S5
28.537,Management and orchestration; Management capabilities,S5
28.538,Management and orchestration; Edge Computing Management,S5
28.540,Management and orchestration; 5G Network Resource Model (NRM); Stage 1,S5
28.541,Management and orchestration; 5G Network Resource Model (NRM); Stage 2 and stage 3,S5
28.542,Management and orchestration of networks and network slicing; 5G Core Network (5GC) Network Resource Model (NRM); Stage 1,S5
28.543,Management and orchestration of networks and network slicing; 5G Core Network (5GC) Network Resource Model (NRM); Stage 2 and stage 3,S5
28.544,Management and orchestration; Self-Organizing Networks (SON) for 5G networks; Network Resource Model (NRM) ,S5
28.545,Management and orchestration; Fault Supervision (FS),S5
28.546,Management and orchestration of networks and network slicing; Fault Supervision (FS); Stage 2 and stage 3,S5
28.550,Management and orchestration; Performance assurance,S5
28.551,Management and orchestration of networks and network slicing; Performance Management (PM); Stage 2 and stage 3,S5
28.552,Management and orchestration; 5G performance measurements,S5
28.553,Management and orchestration of networks and network slicing; 5G Core Network (5GC) performance measurements and assurance data,S5
28.554,Management and orchestration; 5G end to end Key Performance Indicators (KPI),S5
28.555,Management and orchestration; Network policy management for 5G mobile networks; Stage 1,S5
28.556,Management and orchestration; Network policy management for 5G mobile networks; Stage 2 and stage 3,S5
28.557,Management and orchestration; Management of Non-Public Networks (NPN); Stage 1 and stage 2,S5
28.558,Management and orchestration; UE level measurements for 5G system,S5
28.560,"Management and orchestration; Signalling traffic monitoring management (Stage 1, stage 2, and stage 3)",S5
28.561,Management and orchestration; Management aspects of Network Digital Twins,S5
28.567,Management and orchestration; Management Aspects of Closed Control Loops,S5
28.572,Management and orchestration; Management of planned configurations,S5
28.579,Management and orchestration; Management services exposure to external consumers through CAPIF,S5
28.601,Telecommunication management; Core Network (CN) and non-3GPP access interworking system Network Resource Model (NRM) Integration Reference Point (IRP); Requirements,S5
28.602,Telecommunication management; Core Network (CN) and non-3GPP access interworking system Network Resource Model (NRM) Integration Reference Point (IRP); Information Service (IS),S5
28.606,Telecommunication management; Core Network (CN) and non-3GPP access interworking system Network Resource Model (NRM) Integration Reference Point (IRP); Solution Set (SS) definitions,S5
28.611,Telecommunication management; Evolved Packet Core (EPC) and non-3GPP access interworking system Network Resource Model (NRM) Integration Reference Point (IRP); Requirements,S5
28.612,Telecommunication management; Evolved Packet Core (EPC) and non-3GPP access interworking system Network Resource Model (NRM) Integration Reference Point (IRP); Information Service (IS),S5
28.616,Telecommunication management; Evolved Packet Core (EPC) and non-3GPP access interworking system Network Resource Model (NRM) Integration Reference Point (IRP); Solution Set (SS) definitions,S5
28.620,Telecommunication management; Fixed Mobile Convergence (FMC) Federated Network Information Model (FNIM) Umbrella Information Model (UIM),S5
28.621,Telecommunication management; Generic Network Resource Model (NRM) Integration Reference Point (IRP); Requirements,S5
28.622,Telecommunication management; Generic Network Resource Model (NRM) Integration Reference Point (IRP); Information Service (IS),S5
28.623,Telecommunication management; Generic Network Resource Model (NRM) Integration Reference Point (IRP); Solution Set (SS) definitions,S5
28.624,Telecommunication management; State management data definition Integration Reference Point (IRP); Requirements,S5
28.625,Telecommunication management; State management data definition Integration Reference Point (IRP);  Information Service (IS),S5
28.626,Telecommunication management; State management data definition Integration Reference Point (IRP); Solution Set (SS) definitions,S5
28.627,Telecommunication management; Self-Organizing Networks (SON) Policy Network Resource Model (NRM) Integration Reference Point (IRP); Requirements,S5
28.628,Telecommunication management; Self-Organizing Networks (SON) Policy Network Resource Model (NRM) Integration Reference Point (IRP);  Information Service (IS),S5
28.629,Telecommunication management; Self-Organizing Networks (SON) Policy Network Resource Model (NRM) Integration Reference Point (IRP); Solution Set (SS) definitions,S5
28.631,Telecommunication management; Inventory Management (IM) Network Resource Model (NRM) Integration Reference Point (IRP); Requirements,S5
28.632,Telecommunication management; Inventory Management (IM) Network Resource Model (NRM) Integration Reference Point (IRP); Information Service (IS),S5
28.633,Telecommunication management; Inventory Management (IM) Network Resource Model (NRM) Integration Reference Point (IRP); Solution Set (SS) definitions,S5
28.651,Telecommunication management; Universal Terrestrial Radio Access Network (UTRAN) Network Resource Model (NRM) Integration Reference Point (IRP); Requirements,S5
28.652,Telecommunication management; Universal Terrestrial Radio Access Network (UTRAN) Network Resource Model (NRM) Integration Reference Point (IRP); Information Service (IS),S5
28.653,Telecommunication management; Universal Terrestrial Radio Access Network (UTRAN) Network Resource Model (NRM) Integration Reference Point (IRP); Solution Set (SS) definitions,S5
28.654,Telecommunication management; GSM/EDGE Radio Access Network (GERAN) Network Resource Model (NRM) Integration Reference Point (IRP); Requirements,S5
28.655,Telecommunication management; GSM/EDGE Radio Access Network (GERAN) Network Resource Model (NRM) Integration Reference Point (IRP); Information Service (IS),S5
28.656,Telecommunication management; GSM/EDGE Radio Access Network (GERAN) Network Resource Model (NRM) Integration Reference Point (IRP); Solution Set (SS) definitions,S5
28.657,Telecommunication management; Evolved Universal Terrestrial Radio Access Network (E-UTRAN) Network Resource Model (NRM) Integration Reference Point (IRP); Requirements,S5
28.658,Telecommunication management; Evolved Universal Terrestrial Radio Access Network (E-UTRAN) Network Resource Model (NRM) Integration Reference Point (IRP); Information Service (IS),S5
28.659,Telecommunication management; Evolved Universal Terrestrial Radio Access Network (E-UTRAN) Network Resource Model (NRM) Integration Reference Point (IRP); Solution Set (SS) definitions,S5
28.661,Telecommunication management; Generic Radio Access Network (RAN) Network Resource Model (NRM) Integration Reference Point (IRP); Requirements,S5
28.662,Telecommunication management; Generic Radio Access Network (RAN) Network Resource Model (NRM) Integration Reference Point (IRP); Information Service (IS),S5
28.663,Telecommunication management; Generic Radio Access Network (RAN) Network Resource Model (NRM) Integration Reference Point (IRP); Solution Set (SS) definitions,S5
28.664,Telecommunication management; Repeater Network Resource Model (NRM) Integration Reference Point (IRP); Requirements,S5
28.665,Telecommunication management; Repeater Network Resource Model (NRM) Integration Reference Point (IRP); Information Service (IS),S5
28.666,Telecommunication management; Repeater NRM IRP Repeater Network Resource Model (NRM) Integration Reference Point (IRP); Solution Set (SS) definitions,S5
28.667,Telecommunication management; Radio Planning Tool Access (RPTA) Integration Reference Point (IRP); Requirements,S5
28.668,Telecommunication management; Radio Planning Tool Access (RPTA) Integration Reference Point (IRP); Information Service (IS),S5
28.669,Telecommunication management; Radio Planning Tool Access (RPTA) Integration Reference Point (IRP); Solution Set (SS) definitions,S5
28.671,Telecommunication management; Home Node B (HNB) Subsystem (HNS) Network Resource Model (NRM) Integration Reference Point (IRP); Requirements,S5
28.672,Telecommunication management; Home Node B (HNB) Subsystem (HNS) Network Resource Model (NRM) Integration Reference Point (IRP); Information Service (IS),S5
28.673,Telecommunication management; Home Node B (HNB) Subsystem (HNS) Network Resource Model (NRM) Integration Reference Point (IRP); Solution Set (SS) definitions,S5
28.674,Telecommunication management; Home enhanced Node B (HeNB) Subsystem (HeNS) Network Resource Model (NRM) Integration Reference Point (IRP); Requirements,S5
28.675,Telecommunication management; Home enhanced Node B (HeNB) Subsystem (HeNS) Network Resource Model (NRM) Integration Reference Point (IRP); Information Service (IS),S5
28.676,Telecommunication management; Home enhanced Node B (HeNB) Subsystem (HeNS) Network Resource Model (NRM) Integration Reference Point (IRP); Solution Set (SS) definitions,S5
28.680,Telecommunication management; Wireless Local Area Network (WLAN) management; Concepts and requirements,S5
28.681,Telecommunication management; Wireless Local Area Network (WLAN) Network Resource Model (NRM) Integration Reference Point (IRP); Requirements,S5
28.682,Telecommunication management; Wireless Local Area Network (WLAN) Network Resource Model (NRM) Integration Reference Point (IRP); Information Service (IS),S5
28.683,Telecommunication management; Wireless Local Area Network (WLAN) Network Resource Model (NRM) Integration Reference Point (IRP); Solution Set (SS) definitions,S5
28.701,Telecommunication management; Core Network (CN) Network Resource Model (NRM) Integration Reference Point (IRP); Requirements,S5
28.702,Telecommunication management; Core Network (CN) Network Resource Model (NRM) Integration Reference Point (IRP); Information Service (IS),S5
28.703,Telecommunication management; Core Network (CN) Network Resource Model (NRM) Integration Reference Point (IRP); Solution Set (SS) definitions,S5
28.704,Telecommunication management; IP Multimedia Subsystem (IMS) Network Resource Model (NRM) Integration Reference Point (IRP); Requirements,S5
28.705,Telecommunication management; IP Multimedia Subsystem (IMS) Network Resource Model (NRM) Integration Reference Point (IRP); Information Service (IS),S5
28.706,Telecommunication management; IP Multimedia Subsystem (IMS) Network Resource Model (NRM) Integration Reference Point (IRP); Solution Set (SS) definitions,S5
28.707,Telecommunication management; Evolved Packet Core (EPC) Network Resource Model (NRM) Integration Reference Point (IRP); Requirements,S5
28.708,Telecommunication management; Evolved Packet Core (EPC) Network Resource Model (NRM) Integration Reference Point (IRP); Information Service (IS),S5
28.709,Telecommunication management; Evolved Packet Core (EPC) Network Resource Model (NRM) Integration Reference Point (IRP); Solution Set (SS) definitions,S5
28.731,Telecommunication management; Transport Network (TN) interface Network Resource Model (NRM) Integration Reference Point (IRP); Requirements,S5
28.732,Telecommunication management; Transport Network (TN) interface Network Resource Model (NRM) Integration Reference Point (IRP);  Information Service (IS),S5
28.733,Telecommunication management; Transport Network (TN) interface Network Resource Model (NRM) Integration Reference Point (IRP); Solution Set (SS) definitions,S5
28.734,Telecommunication management; Signalling Transport Network (STN) interface Network Resource Model (NRM) Integration Reference Point (IRP); Requirements,S5
28.735,Telecommunication management; Signalling Transport Network (STN) interface Network Resource Model (NRM) Integration Reference Point (IRP); Information Service (IS),S5
28.736,Telecommunication management; Signalling Transport Network (STN) interface Network Resource Model (NRM) Integration Reference Point (IRP); Solution Set (SS) definitions,S5
28.751,Telecommunication management; Subscription Management (SuM) Network Resource Model (NRM) Integration Reference Point (IRP); Requirements,S5
28.752,Telecommunication management; Subscription Management (SuM) Network Resource Model (NRM) Integration Reference Point (IRP); Information Service (IS),S5
28.753,Telecommunication management; Subscription Management (SuM) Network Resource Model (NRM) Integration Reference Point (IRP); Solution Set (SS) definitions,S5
28.800,Study on management and orchestration architecture of next generation networks and services,S5
28.801,Telecommunication management;Study on management and orchestration of network slicing for next generation network,S5
28.802,Telecommunication management;Study on management aspects of next generation network architecture and features,S5
28.803,Telecommunication management;Study on management aspects of edge computing,S5
28.804,Telecommunication management; Study on tenancy concept in 5G networks and network slicing management,S5
28.805,Telecommunication management; Study on management aspects of communication services ,S5
28.806,Study on non-file-based trace reporting,S5
28.807,Study on management of Non-Public Networks (NPN),S5
28.808,Study on management and orchestration aspects of integrated satellite components in a 5G network,S5
28.809,Study on enhancement of management data analytics,S5
28.810,"Study on concept, requirements and solutions for levels of autonomous network ",S5
28.811,Management and orchestration; Study on Network Slice Management Enhancement,S5
28.812,Telecommunication management; Study on scenarios for Intent driven management services for mobile networks,S5
28.813,Management and orchestration; Study on new aspects of Energy Efficiency (EE) for 5G,S5
28.814,Management and orchestration; Study on enhancements of edge computing management,S5
28.815,Study on charging aspects of edge computing,S5
28.816,Charging management; Study on charging aspects of Cellular Internet Of Things in the 5G System (5GS CIoT),S5
28.817,Management and orchestration; Study on access control for management service,S5
28.818,Study on YANG PUSH,S5
28.819,Study on continuous integration continuous delivery support for 3GPP NFs,S5
28.820,Telecommunication management; Fixed Mobile Convergence (FMC) Federated Network Operation Model (FNOM) Umbrella Operation Model (UOM),S5
28.821,Telecommunication management; Fixed Mobile Convergence (FMC) model repertoire,S5
28.822,Charging management; Study on charging aspect of 5G LAN-type services,S5
28.823,Study on protocol enhancement for real time communication,S5
28.824,Study on network slice management capability exposure,S5
28.825,Management and orchestration; Study on management aspects of 5G network sharing,S5
28.826,Study on Nchf charging services phase 2 improvements and optimizations ,S5
28.827,Study on 5G charging for additional roaming scenarios and actors ,S5
28.828,Study on charging aspects for enhanced support of non-public networks,S5
28.829,Study on network and service operations for energy utilities,S5
28.830,Study on Fault Supervision Evolution,S5
28.831,Study on basic Service-Based Management Architecture (SBMA) enabler enhancements,S5
28.832,Study on management aspects of Ultra-Reliable and Low Latency Communications (URLLC),S5
28.833,Study on management aspects of 5GLAN,S5
28.834,Study on management of cloud-native Virtualized Network Functions (VNF),S5
28.835,Study on management aspects of 5G Multiple Operator Core Network (MOCN) network sharing phase 2,S5
28.836,Study on intent-driven management for network slicing,S5
28.837,Study on management of trace/ Minimization of Drive Tests (MDT) phase 2,S5
28.838,Study on measurement data collection to support RAN intelligence,S5
28.839,Study on charging aspects for time sensitive networking,S5
28.840,Study on CHF segmentation,S5
28.841,Study on management aspects of Internet of Things (IoT) Non-Terrestrial Networks (NTN) enhancements,S5
28.842,Study on data management phase 2,S5
28.843,Study on structure of charging for verticals,S5
28.844,Study on charging aspects of satellite in the 5G System (5GS),S5
28.845,Study on charging aspects of ranging based services and sidelink positioning,S5
28.846,Study on charging aspects of satellite access phase 3 ,S5
28.849,Study on charging aspects of Common API Framework for Northbound APIs (CAPIF) phase 2,S5
28.851,Study on charging aspects of next generation real time communication services phase 2,S5
28.853,Study on charging aspects of uncrewed aerial systems,S5
28.858,Study on Artificial Intelligence / Machine Learning (AI/ML) management phase 2,S5
28.861,Telecommunication management; Study on the Self-Organizing Networks (SON) for 5G networks,S5
28.863,Study on Key Quality Indicators (KQIs) for 5G service experience,S5
28.864,Study on Enhancement of the management aspects related to NetWork Data Analytics Functions (NWDAF),S5
28.865,Study on Deterministic Communication Service Assurance (DCSA),S5
28.866,Study on Management Data Analytics (MDA) – Phase 3,S5
28.867,Study on closed control loop management,S5
28.869,Study on Cloud Aspects of Management and Orchestration,S5
28.870,Study on Enablers for Security Monitoring,S5
28.871,Study on Service Based Management Architecture enhancement phase 3,S5
28.872,Study on Management of planned configurations,S5
28.873,"Study on data management, subscriptions and reporting",S5
28.874,Study on Management Aspects of NTN Phase 2,S5
28.875,Study on management of IAB nodes,S5
28.876,Study on management aspect of RedCap feature,S5
28.877,Study on Enhancement of the management aspects related to Network Data Analytics Functions (NWDAF) Phase 2,S5
28.878,Study on Management of Network Sharing Phase3,S5
28.879,Study on OAM for service management and exposure to external consumers,S5
28.880,Study on energy efficiency and energy saving aspects of 5G networks and services,S5
28.881,Study on intent driven management service for mobile network phase 4,S5
28.882,Study on Artificial Intelligence / Machine Learning (AI/ML) management enhancements,S5
28.883,Study on management aspects of Network Digital Twin phase 2,S5
28.884,Study on Service Based Management Architecture enhancement phase 4,S5
28.885,Study on energy efficiency and energy saving aspects of 5G Advanced networks,S5
28.886,Study on Management Data Analytics (MDA) phase 4,S5
28.887,Study for Data management phase 3,S5
28.888,Enhanced exposure of management services,S5
28.889,Study on closed control loop management phase2,S5
28.890,Management and orchestration; Study on integration of Open Network Automation Platform (ONAP) and 3GPP management for 5G networks,S5
28.891,Study on Charging Aspects for CAPIF Phase 3,S5
28.900,"Telecommunications management; Study on integration of Open Network Automation Platform (ONAP) ata Collection, Analytics and Events (DCAE) and 3GPP reference management architecture ",S5
28.901,Study on on continuous integration continuous delivery support for 3GPP Network Functions (NFs),S5
28.902,Study on network and service operations for energy utilities (TBC),S5
28.903,Study on alignment with ETSI MEC for edge computing management,S5
28.907,Study on enhancement of management of non-public networks,S5
28.908,Study on  Artificial Intelligence/Machine Learning (AI/ ML) management,S5
28.909,Study on evaluation of autonomous network levels,S5
28.910,Study on enhancement of autonomous network levels,S5
28.912,Study on enhanced intent driven management services for mobile networks,S5
28.913,Study on new aspects of Energy Efficiency (EE) for 5G phase 2,S5
28.914,Study on intent driven management service for mobile network phase 3,S5
28.915,Study on management aspect of Network Digital Twin,S5
28.925,Study on enhancement of service based management architecture,S5
29.002,Mobile Application Part (MAP) specification,C4
29.004,Interworking between the Public Land Mobile Network (PLMN) and the Circuit Switched Public Data Network (CSPDN),N3
29.005,Interworking between the Public Land Mobile Network (PLMN) and the Packet Switched Public Data Network (PSPDN) for Packet Assembly/Disassembly (PAD) facility access,N3
29.006,Interworking between a PLMN and the ISDN or PSTN for support of Packet Switched data transmission services,N3
29.007,General requirements on interworking between the Public Land Mobile Network (PLMN) and the Integrated Services Digital Network (ISDN) or Public Switched Telephone Network (PSTN),C3
29.010,Information element mapping between Mobile Station - Base Station System (MS - BSS) and Base Station System - Mobile-services Switching Centre (BSS - MSC); Signalling Procedures and the Mobile Application Part (MAP),C4
29.011,Signalling Interworking for supplementary services,C4
29.013,Signalling interworking between ISDN supplementary services; Application Service Element (ASE) and Mobile Application Part (MAP) protocols,C4
29.016,General Packet Radio Service (GPRS); Serving GPRS Support Node (SGSN) - Visitors Location Register (VLR); Gs interface network service specification,C1
29.018,General Packet Radio Service (GPRS); Serving GPRS Support Node (SGSN) - Visitors Location Register (VLR); Gs interface layer 3 specification,C1
29.060,General Packet Radio Service (GPRS); GPRS Tunnelling Protocol (GTP) across the Gn and Gp interface,C4
29.061,Interworking between the Public Land Mobile Network (PLMN) supporting packet based services and Packet Data Networks (PDN),C3
29.078,Customised Applications for Mobile network Enhanced Logic (CAMEL) Phase X; CAMEL Application Part (CAP) specification,C4
29.079,Optimal media routeing within the IP Multimedia Subsystem (IMS); Stage 3,C3
29.108,Application of the Radio Access Network Application Part (RANAP) on the E-interface,R3
29.109,Generic Authentication Architecture (GAA); Zh and Zn Interfaces based on the Diameter protocol; Stage 3,C4
29.116,Representational state transfer over xMB reference point between content provider and BM-SC,C3
29.118,Mobility Management Entity (MME) - Visitor Location Register (VLR) SGs interface specification,C1
29.119,GPRS Tunnelling Protocol (GTP) specification for Gateway Location Register (GLR),C4
29.120,Mobile Application Part (MAP) specification for Gateway Location Register (GLR),C4
29.122,T8 reference point for Northbound APIs,C3
29.125,Policy and Charging Control (PCC) over S9 reference point,C3
29.128,Mobility Management Entity (MME) and Serving GPRS Support Node (SGSN) interfaces for interworking with packet data networks and applications,C4
29.139,3GPP system - fixed broadband access network interworking; Home (e)Node B - security gateway interface,C4
29.140,Multimedia Messaging Service (MMS); MM10 interface based on Diameter protocol; Stage 3,C4
29.153,Service capability exposure functionality over Ns reference point,C3
29.154,Service capability exposure functionality over Nt reference point,C3
29.155,Traffic steering control; Representational State Transfer (REST) over St reference point,C3
29.161,Interworking between the Public Land Mobile Network (PLMN) supporting packet based services with Wireless Local Area Network (WLAN) access and Packet data Networks (PDN),C3
29.162,Interworking between the IM CN subsystem and IP networks,C3
29.163,Interworking between the IP Multimedia (IM) Core Network (CN) subsystem and Circuit Switched (CS) networks,C3
29.164,Interworking between the 3GPP CS domain with BICC or ISUP as signalling protocol and external SIP-I networks,C3
29.165,Inter-IMS Network to Network Interface (NNI),C3
29.168,Cell Broadcast Centre interfaces with the Evolved Packet Core;  Stage 3,C4
29.171,Location Services (LCS); LCS Application Protocol (LCS-AP) between the Mobile Management Entity (MME) and Evolved Serving Mobile Location Centre (E-SMLC); SLs interface,C4
29.172,Location Services (LCS); Evolved Packet Core (EPC) LCS Protocol (ELP) between the Gateway Mobile Location Centre (GMLC) and the Mobile Management Entity (MME); SLg interface,C4
29.173,Location Services (LCS); Diameter-based SLh interface for Control Plane LCS,C4
29.175,IP Multimedia Subsystem (IMS) Application Server (AS) Services Stage 3,C4
29.176,IP Multimedia Subsystems (IMS); Media Function (MF) Services; Stage 3,C4
29.198,Open Service Architecture (OSA) Application Programming Interface (API) - Part 1,CP
29.198-01,Open Service Access (OSA) Application Programming Interface (API); Part 1: Overview,CP
29.198-02,Open Service Access (OSA) Application Programming Interface (API); Part 2: Common data definitions,CP
29.198-03,Open Service Access (OSA) Application Programming Interface (API); Part 3: Framework,CP
29.198-04,Open Service Access (OSA) Application Programming Interface (API); Part 4: Call control Service Capability Feature (SCF),CP
29.198-04-1,Open Service Access (OSA) Application Programming Interface (API); Part 4: Call control; Subpart 1:  Call control common definitions,CP
29.198-04-2,Open Service Access (OSA) Application Programming Interface (API); Part 4: Call control; Subpart 2: Generic call control Service Capability Feature (SCF),CP
29.198-04-3,Open Service Access (OSA) Application Programming Interface (API); Part 4: Call control; Subpart 3: Multi-party call control Service Capability Feature (SCF),CP
29.198-04-4,Open Service Access (OSA) Application Programming Interface (API); Part 4: Call control; Subpart 4: Multimedia call control Service Capability Feature (SCF),CP
29.198-04-5,Open Service Access (OSA) Application Programming Interface (API); Part 4: Call control; Subpart 5: Conference call control Service Capability Feature (SCF),CP
29.198-05,Open Service Access (OSA) Application Programming Interface (API); Part 5: User interaction Service Capability Feature (SCF),CP
29.198-06,Open Service Access (OSA) Application Programming Interface (API); Part 6: Mobility Service Capability Feature (SCF),CP
29.198-07,Open Service Access (OSA) Application Programming Interface (API); Part 7: Terminal capabilities Service Capability Feature (SCF),CP
29.198-08,Open Service Access (OSA) Application Programming Interface (API); Part 8: Data session control Service Capability Feature (SCF),CP
29.198-09,Open Service Access (OSA) Application Programming Interface (API); Part 9: Generic messaging SCF,N5
29.198-10,Open Service Access (OSA) Application Programming Interface (API); Part 10: Connectivity manager Service Capability Feature (SCF),CP
29.198-11,Open Service Access (OSA) Application Programming Interface (API); Part 11: Account management Service Capability Feature (SCF),CP
29.198-12,Open Service Access (OSA) Application Programming Interface (API); Part 12: Charging Service Capability Feature (SCF),CP
29.198-13,Open Service Access (OSA) Application Programming Interface (API); Part 13: Policy management Service Capability Feature (SCF),CP
29.198-14,Open Service Access (OSA) Application Programming Interface (API); Part 14: Presence and Availability Management (PAM) Service Capability Feature (SCF),CP
29.198-15,Open Service Access (OSA) Application Programming Interface (API); Part 15: Multi-media Messaging (MM) Service Capability Feature (SCF),CP
29.198-16,Open Service Access (OSA) Application Programming Interface (API); Part 16: Service broker Service Capability Feature (SCF),CP
29.199,Open Service Access (OSA); Web Services Application Programming Interface (API)  for OSA; Parlay X services,N5
29.199-01,Open Service Access (OSA); Parlay X web services; Part 1: Common,CP
29.199-02,Open Service Access (OSA); Parlay X web services; Part 2: Third party call,CP
29.199-03,Open Service Access (OSA); Parlay X web services; Part 3: Call notification,CP
29.199-04,Open Service Access (OSA); Parlay X web services; Part 4: Short messaging,CP
29.199-05,Open Service Access (OSA); Parlay X web services; Part 5: Multimedia messaging,CP
29.199-06,Open Service Access (OSA); Parlay X web services; Part 6: Payment,CP
29.199-07,Open Service Access (OSA); Parlay X web services; Part 7: Account management,CP
29.199-08,Open Service Access (OSA); Parlay X web services; Part 8: Terminal status,CP
29.199-09,Open Service Access (OSA); Parlay X web services; Part 9: Terminal location,CP
29.199-10,Open Service Access (OSA); Parlay X web services; Part 10: Call handling,CP
29.199-11,Open Service Access (OSA); Parlay X web services; Part 11: Audio call,CP
29.199-12,Open Service Access (OSA); Parlay X web services; Part 12: Multimedia conference,CP
29.199-13,Open Service Access (OSA); Parlay X web services; Part 13: Address list management,CP
29.199-14,Open Service Access (OSA); Parlay X web services; Part 14: Presence,CP
29.199-15,Open Service Access (OSA); Parlay X web services; Part 15: Message broadcast,CP
29.199-16,Open Service Access (OSA); Parlay X web services; Part 16: Geocoding,CP
29.199-17,Open Service Access (OSA); Parlay X web services; Part 17: Application-driven Quality of Service (QoS),CP
29.199-18,Open Service Access (OSA); Parlay X web services; Part 18: Device capabilities and configuration,CP
29.199-19,Open Service Access (OSA); Parlay X web services; Part 19: Multimedia streaming control,CP
29.199-20,Open Service Access (OSA); Parlay X web services; Part 20: Multimedia multicast session management,CP
29.199-21,Open Service Access (OSA); Parlay X web services; Part 21: Content management,CP
29.199-22,Open Service Access (OSA); Parlay X web services; Part 22: Policy,CP
29.200,Signalling System No. 7; Mobile Application Part (MAP); Security signalling flows for the Ze interface,C4
29.201,Representational State Transfer (REST) reference point between Application Function (AF) and Protocol Converter (PC),C3
29.202,Signalling System No. 7 (SS7) signalling transport in core network; Stage 3,C4
29.203,Feasibility study on SS7 signalling transportation in the core network with SCCP-User Adaptation (SUA),N4
29.204,"Signalling System No. 7 (SS7) security gateway; Architecture, functional description and protocol details",C4
29.205,Application of Q.1900 series to bearer independent Circuit Switched (CS) core network architecture; Stage 3,C4
29.207,Policy control over Go interface,C3
29.208,End-to-end Quality of Service (QoS) signalling flows,C3
29.209,Policy control over Gq interface,C3
29.210,Charging rule provisioning over Gx interface,C3
29.211,Rx Interface and Rx/Gx signalling flows,C3
29.212,Policy and Charging Control (PCC); Reference points,C3
29.213,Policy and charging control signalling flows and Quality of Service (QoS) parameter mapping,C3
29.214,Policy and charging control over Rx reference point,C3
29.215,Policy and Charging Control (PCC) over S9 reference point; Stage 3,C3
29.216,3GPP EPS Sv interface (MME to MSC) for SRVCC,S4
29.217,Policy and Charging Control (PCC); Congestion reporting over Np reference point,C3
29.218,Diameter based protocols for SMS service over SGs,C4
29.219,Policy and charging control: Spending limit reporting over Sy reference point,C3
29.222,Common API Framework for 3GPP Northbound APIs,C3
29.226,reserved,N4
29.228,IP Multimedia (IM) Subsystem Cx and Dx Interfaces; Signalling flows and message contents,C4
29.229,Cx and Dx interfaces based on the Diameter protocol; Protocol details,C4
29.230,Diameter applications; 3GPP specific codes and identifiers,C4
29.231,Application of SIP-I Protocols to Circuit Switched (CS) core network architecture; Stage 3,C4
29.232,Media Gateway Controller (MGC) - Media Gateway (MGW) interface; Stage 3,C4
29.234,3GPP system to Wireless Local Area Network (WLAN) interworking; Stage 3,C4
29.235,Interworking between SIP-I based circuit-switched core network and other networks,C3
29.238,"Interconnection Border Control Functions (IBCF) - Transition Gateway (TrGW) interface, Ix interface; Stage 3",C4
29.240,3GPP Generic User Profile (GUP); Stage 3; Network,C4
29.244,Interface between the Control Plane and the User Plane nodes,C4
29.250,Nu reference point between SCEF and PFDF for sponsored data connectivity,C3
29.251,Gw and Gwn reference point for sponsored data connectivity,C3
29.255,Uncrewed Aerial System Service Supplier (USS) Services; Stage 3,C3
29.256,Uncrewed Aerial Systems Network Function (UAS-NF); Aerial Management Services; Stage 3,C4
29.257,Application layer support for Uncrewed Aerial System (UAS); UAS Application Enabler (UAE) Server Services; Stage 3,C3
29.272,Evolved Packet System (EPS); Mobility Management Entity (MME) and Serving GPRS Support Node (SGSN) related interfaces based on Diameter protocol,C4
29.273,Evolved Packet System (EPS); 3GPP EPS AAA interfaces,C4
29.274,3GPP Evolved Packet System (EPS); Evolved General Packet Radio Service (GPRS) Tunnelling Protocol for Control plane (GTPv2-C); Stage 3,C4
29.275,Proxy Mobile IPv6 (PMIPv6) based Mobility and Tunnelling protocols; Stage 3,C4
29.276,3GPP Evolved Packet System (EPS); Optimized handover procedures and protocols between E-UTRAN access and cdma2000 HRPD Access; Stage 3,C4
29.277,Optimised handover procedures and protocol between EUTRAN access and non-3GPP accesses (S102); Stage 3,C4
29.278,Customized Applications for Mobile network Enhanced Logic (CAMEL) Phase 4; CAMEL Application Part (CAP) specification for IP Multimedia Subsystems (IMS),C4
29.279,Mobile IPv4 (MIPv4) based mobility protocols; Stage 3,C4
29.280,"Evolved Packet System (EPS); 3GPP Sv interface (MME to MSC, and SGSN to MSC) for SRVCC",C4
29.281,General Packet Radio System (GPRS) Tunnelling Protocol User Plane (GTPv1-U),C4
29.282,Mobile IPv6 vendor specific option format and usage within 3GPP,C4
29.283,Diameter data management applications,C4
29.292,Interworking between the IP Multimedia (IM) Core Network (CN) subsystem (IMS) and MSC Server for IMS Centralized Services (ICS),C3
29.303,Domain Name System Procedures; Stage 3,C4
29.304,Mobile IPv4 (MIPv4) based Mobility protocols; Stage 3,C4
29.305,InterWorking Function (IWF) between MAP based and Diameter based interfaces,C4
29.309,Bootstrapping Server Function (GBA BSF) Services,C4
29.311,Service Level Interworking (SLI) for messaging services,C3
29.328,IP Multimedia (IM) Subsystem Sh interface; Signalling flows and message contents,C4
29.329,Sh interface based on the Diameter protocol; Protocol details,C4
29.330,IP Multimedia Subsystem (IMS); Sc Interface based on the Diameter protocol;,C4
29.332,Media Gateway Control Function (MGCF) - IM Media Gateway; Mn interface,C4
29.333,Multimedia Resource Function Controller (MRFC) - Multimedia Resource Function Processor (MRFP) Mp interface; Stage 3,C4
29.334,IMS Application Level Gateway (IMS-ALG) – IMS Access Gateway (IMS-AGW); Iq Interface; Stage 3,C4
29.335,User Data Convergence (UDC); User data repository access protocol over the Ud interface; Stage 3,C4
29.336,Home Subscriber Server (HSS) diameter interfaces for interworking with packet data networks and applications,C4
29.337,Diameter-based T4 Interface for communications with packet data networks and applications,C4
29.338,Diameter based protocols to support Short Message Service (SMS) capable Mobile Management Entities (MMEs),C4
29.343,Proximity-services (ProSe) function to ProSe application server aspects (PC2); Stage 3,C3
29.344,Proximity-services (ProSe) function to Home Subscriber Server (HSS) aspects; Stage 3,C4
29.345,Inter-Proximity-services (Prose) function signalling aspects; Stage 3,C4
29.364,IP Multimedia Subsystem (IMS) Application Server (AS) service data descriptions for AS interoperability,C4
29.368,Tsp interface protocol between the MTC Interworking Function (MTC-IWF) and Service Capability Server (SCS),C3
29.369,"5G System; Ambient IoT Data Management (ADM) Services, Stage 3",C4
29.374,GPRS Tunnelling Protocol for User Plane (GTPv1-U),S4
29.379,Mission Critical Push To Talk (MCPTT) call control interworking with Land Mobile Radio (LMR) systems; Stage-3,C1
29.380,Mission Critical Push To Talk (MCPTT) media plane control interworking with Land Mobile Radio (LMR) systems; Stage 3,C1
29.387,V2X Control Function to V2X Application Server aspects (V2); Stage 3,C3
29.388,V2X Control Function to Home Subscriber Server (HSS) aspects (V4); Stage 3,C4
29.389,Inter-V2X Control Function Signalling aspects (V6); Stage 3,C4
29.392,Application layer support for MMTel; MMTel Enabler Server Services; stage 3,C3
29.405,Nq and Nq' Application Protocol (Nq-AP); Stage 3,C4
29.412,TISPAN; Interworking; Trunking Gateway Control Procedures for interworking between NGN and external CS networks,C3
29.413,Application of the NG Application Protocol (NGAP) to non-3GPP access,R3
29.414,Core network Nb data transport and transport signalling,C3
29.415,Core network Nb interface user plane protocols,C3
29.421,TISPAN; NGN Release 1; Endorsement of 3GPP TS 29.162 Interworking between IM CN Sub-system and IP networks,C3
29.424,TISPAN; H.248 Profile for controlling Trunking Media Gateways; Protocol specification,C4
29.427,"TISPAN; Endorsement of the SIP-ISUP Interworking between the IP Multimedia (IM) Core Network (CN) subsystem and Circuit Switched CS) networks [3GPP TS 29.163 (Release 7), modified]",C3
29.433,TISPAN; IP Multimedia; Diameter based protocol for the interfaces between the Call Session Control Function and the User Profile Server Function/Subscription Locator Function; Signalling flows and protocol details [3GPP TS 29.228 and 29.229 modified],C4
29.435,Service Enabler Architecture Layer for Verticals (SEAL);  Network Slice Capability Enablement (NSCE) Server Services,C3
29.437,Service Enabler Architecture Layer for Verticals (SEAL); Metaverse Enablement Services; Stage 3,C3
29.458,TISPAN; SIP Transfer of IP Multimedia Service Tariff Information; Protocol specification,C3
29.468,Group Communication System Enablers for LTE (GCSE_LTE); MB2 reference point; Stage 3,C3
29.482,Service Enabler Architecture Layer for Verticals (SEAL); Artificial Intelligence Machine Learning Enablement (AIMLE) Services; Stage 3,C3
29.486,V2X Application Enabler (VAE) Services; Stage 3,C3
29.500,5G System; Technical Realization of Service Based Architecture; Stage 3,C4
29.501,5G System; Principles and Guidelines for Services Definition; Stage 3,C4
29.502,5G System; Session Management Services; Stage 3,C4
29.503,5G System; Unified Data Management Services; Stage 3,C4
29.504,5G System; Unified Data Repository Services; Stage 3,C4
29.505,5G System; Usage of the Unified Data Repository services for Subscription Data; Stage 3,C4
29.506,"5G System; Usage of the Unified Data Repository services for AIoT Device Profile Data, Stage 3",C4
29.507,5G System; Access and Mobility Policy Control Service; Stage 3,C3
29.508,5G System; Session Management Event Exposure Service; Stage 3,C3
29.509,5G System; Authentication Server Services; Stage 3,C4
29.510,5G System; Network function repository services; Stage 3,C4
29.511,5G System; Equipment Identity Register Services; Stage 3,C4
29.512,5G System; Session Management Policy Control Service; Stage 3,C3
29.513,5G System; Policy and Charging Control signalling flows and QoS parameter mapping; Stage 3,C3
29.514,5G System; Policy Authorization Service; Stage 3,C3
29.515,5G System; Gateway Mobile Location Services; Stage 3,C4
29.516,5G System; Interworking between 5G Network and external Data Networks; Stage 3,C3
29.517,5G System; Application Function Event Exposure Service; Stage 3,C3
29.518,5G System; Access and Mobility Management Services; Stage 3,C4
29.519,"5G System; Usage of the Unified Data Repository Service for Policy Data, Application Data and Structured Data for Exposure; Stage 3",C3
29.520,5G System; Network Data Analytics Services; Stage 3,C3
29.521,5G System; Binding Support Management Service; Stage 3,C3
29.522,5G System; Network Exposure Function Northbound APIs; Stage 3,C3
29.523,5G System; Policy Control Event Exposure Service; Stage 3,C3
29.524,5G System; Cause codes mapping between 5GC interfaces; Stage 3,C4
29.525,5G System; UE Policy Control Service; Stage 3,C3
29.526,5G System; Network Slice-Specific and SNPN  Authentication and Authorization services; Stage 3,C4
29.527,"TISPAN; Endorsement of the SIP-ISUP Interworking between the IP Multimedia (IM) Core Network (CN) subsystem and Circuit Switched (CS) networks [3GPP TS 29.163 (Release 7), modified]",C3
29.530,5G System; Application Function Artificial Intelligence/Machine Learning (AI/ML) Services; Stage 3,C3
29.531,5G System; Network Slice Selection Services; Stage 3,C4
29.532,5G System; 5G Multicast-Broadcast Session Management Services; Stage 3,C4
29.533,"TISPAN; IP Multimedia; Diameter based protocol for the interfaces between the Call Session Control Function and the User Profile Server Function/Subscription Locator Function; Signalling flows and protocol details [29.228, 29.229 modified]",C4
29.534,5G System; Access and Mobility Policy Authorization Service; Stage 3,C3
29.535,5G System; AKMA Anchor Services; Stage 3,C3
29.536,5G System; Network Slice Admission Control Services; Stage 3,C4
29.537,5G System; Multicast/Broadcast Policy Control services; Stage 3,C3
29.538,Enabling MSGin5G Service; Application Programming Interfaces (API) specification; Stage 3,C3
29.540,5G System; SMS Services; Stage 3,C4
29.541,5G System; Network Exposure (NE) function services for Non-IP Data Delivery (NIDD) and Short Message Services (SMS); Stage 3,C4
29.542,5G System; Session management services for Non-IP Data Delivery (NIDD); Stage 3,C4
29.543,5G System; Data Transfer Policy Control Services; Stage 3,C3
29.544,5G System; Secured Packet Application Function (SP-AF) services; Stage 3,C4
29.548,Service Enabler Architecture Layer for Verticals (SEAL); SEAL Data Delivery (SEALDD) Server Services; Stage 3,C3
29.549,Service Enabler Architecture Layer for Verticals (SEAL); Application Programming Interface (API) specification; Stage 3,C3
29.550,5G System; Steering of roaming application function services; Stage 3,C4
29.551,5G System; Packet Flow Description Management Service; Stage 3,C3
29.552,5G System; Network Data Analytics signalling flows; Stage 3,C3
29.553,5G System; 5G ProSe Anchor Services; Stage 3,C4
29.554,5G System; Background Data Transfer Policy Control Service; Stage 3,C3
29.555,5G System; 5G Direct Discovery Name Management Services; Stage 3,C4
29.556,Edge Application Server Discovery Services; Stage 3,C4
29.557,5G System; Application Function ProSe Service; Stage 3,C3
29.558,Enabling Edge Applications; Application Programming Interface (API) specification; Stage 3,C3
29.559,5G System; 5G ProSe Key Management Services; Stage 3,C4
29.561,5G System; Interworking between 5G Network and external Data Networks; Stage 3,C3
29.562,5G System; Home Subscriber Server (HSS) services; Stage 3,C4
29.563,5G System; Home Subscriber Server (HSS) services for interworking with Unified Data Management (UDM); Stage 3,C4
29.564,5G System; User Plane Function Services; Stage 3,C4
29.565,5G System; Time Sensitive Communication and Time Synchronization Function Services; Stage 3,C3
29.566,5G System; Energy Information Function Services; Stage 3,C3
29.569,"5G System; Ambient IoT Function (AIOTF) Services, Stage 3",C3
29.570,5G System; Service Communication Proxy (SCP) Services; Stage 3,C4
29.571,5G System; Common Data Types for Service Based Interfaces; Stage 3,C4
29.572,5G System; Location Management Services; Stage 3,C4
29.573,5G System; Public Land Mobile Network (PLMN) Interconnection; Stage 3,C4
29.574,5G System; Data Collection Coordination Services; Stage 3,C3
29.575,5G System; Analytics Data Repository Services; Stage 3,C3
29.576,5G System; Messaging Framework Adaptor Services; Stage 3,C3
29.577,5G System; IP Short Message Gateway and SMS Router For Short Message Services; Stage 3,C4
29.578,5G System; Mobile Number Portability Services; Stage 3,C4
29.579,5G System; Interworking MSC For Short Message Services; Stage 3,C4
29.580,5G System; Multicast/Broadcast Service Function services; Stage 3,C3
29.581,5G System; Multicast/Broadcast Service Transport Services; Stage 3,C4
29.582,Mission Critical Data (MCData)  interworking with Land Mobile Radio (LMR) systems; Stage 3,C1
29.583,Application layer support for Personal IoT Network (PINAPP); Personal IoT Network (PIN) server services,C3
29.585,5G System (5GS); Session Management Function (SMF) / Centralized User Configuration (CUC) to Access Network Talker Listener (AN-TL) and Core Network Talker Listener (CN-TL) protocol aspects; Stage 3,C4
29.586,5G System; SideLink Positioning Key Management Services; Stage 3,C4
29.591,5G System; Network Exposure Function Southbound Services; Stage 3,C3
29.594,5G System; Spending Limit Control Service; Stage 3,C3
29.598,Unstructured data storage services,C4
29.612,TISPAN; Interworking; Trunking Gateway Control Procedures for interworking between NGN and external CS networks,C3
29.624,TISPAN; H.248 Profile for controlling Trunking Media Gateways; Protocol specification,C4
29.641,3GPP Registry for Service Names and Port Numbers,C4
29.658,SIP Transfer of IP Multimedia Service Tariff Information; Protocol specification,C3
29.673,5G System; UE radio capability management services; Stage 3,C4
29.674,Interface between the UE radio Capability Management Function (UCMF) and the Mobility Management Entity (MME); Stage 3,C4
29.675,User Equipment (UE) radio capability provisioning service; Stage 3,C3
29.800,"Signalling System No. 7 (SS7) Security Gateway; Architecture, functional description and protocol details",C4
29.801,Feasibility study of using M2PA in 3GPP networks,C4
29.802,(G)MSC-S - (G)MSC-S Nc Interface based on the SIP-I protocol,C4
29.803,3GPP System Architecture Evolution (SAE): CT WG4 aspects,C4
29.804,3GPP System Architecture Evolution (SAE): CT WG3 aspects,C3
29.805,InterWorking Function (IWF) between MAP based and Diameter based interfaces,C4
29.806,Study on IP Multimedia Subsystem (IMS) Proxy Call Session Control Function (P-CSCF) restoration procedures,C4
29.807,Study on General Packet Radio Service (GPRS) Tunnelling Protocol for Control plane (GTP-C) overload control mechanisms,C4
29.808,Study on the Nudsf Service Based Interface,C4
29.809,Study on Diameter overload control mechanisms,C4
29.810,Study on Diameter load control mechanisms,C4
29.811,Study on EPC signalling improvements for race scenarios ,C4
29.812,Study on SCC AS Restoration,C4
29.813,Study on S6a/S6d Shared Data Update,C4
29.814,Bandwidth saving at Nb interface with IP transport,C3
29.816,Study on PCRF failure and restoration,C3
29.817,Study on eXtensible Markup Language (XML) based access of the Application Function (AF) to the Policy and Charging Rules Function (PCRF),C3
29.818,Study on the enhancement of protocols for SMS service over SGs,C4
29.819,Study on impacts of the Diameter Base Protocol specification update.,C4
29.820,Study on Best Practice of PFCP,C4
29.821,Study on restoration of profiles related to UDR,C4
29.826,P-CSCF restoration enhancements for WLAN,C4
29.827,Study on Policy and Charging for Volume Based Charging,C3
29.828,Study on extended IP Multimedia Subsystem (IMS) media plane security features and Transmission Control Protocol (TCP) related Network Address Translation (NAT) traversal support; IMS H.248 profiles aspects,C4
29.829,Service-based support for SMS in 5GC,C4
29.831,Study on NRF API enhancements to avoid signalling and storing of redundant data,C4
29.835,Study on Port Allocation Alternatives for New 3GPP Interfaces,C4
29.839,3GPP system - fixed broadband access network interworking; Home (e)Node B - security gateway interface,C4
29.843,Study on Load and Overload Control of 5GC Service Based Interface,C4
29.844,Study on Control and User Plane Separation of EPC Nodes,C4
29.846,Multimedia Broadcast/Multicast Service (MBMS); CN1 procedure description,C1
29.847,"Conferencing based on SIP, SDP, and other protocols; Functional models, information flows and protocol details",C1
29.854,Study on shared data update for multiple subscribers,C4
29.857,Study on Reducing Information Exposure over SBI,C4
29.863,Feasibility Study for the multimedia inter-working between the IP Multimedia Core Network (CN) Subsystem (IMS) and Circuit Switched (CS) networks,C3
29.864,Study on IMS Application Server (AS) service data descriptions for AS interoperability,C4
29.865,Inter-IMS network to network interface,C3
29.866,Study on IMS Disaster Prevention and Restoration Enhancement,C4
29.867,Study on IMS resiliency,C4
29.875,Interworking Proxy between GTP based and PMIP based interfaces,C4
29.882,Customized Alerting Tone (CAT) in 3G CS domain,C4
29.889,Study on Protocol for AI Data Collection from UPF,C4
29.890,CT WG3 aspects of 5G System Phase 1,C3
29.891,5G System - Phase 1 CT WG4 Aspects,C4
29.892,Study on User Plane Protocol in 5GC,C4
29.893,Study on IETF QUIC Transport for 5GC Service Based Interfaces,C4
29.903,Feasibility Study on SS7 signalling transport in the core network with SCCP-User Adaptation  (SUA) layer,C4
29.909,Diameter-based protocols usage and recommendations in 3GPP,C3
29.935,Study on User Data Convergence (UDC) data model,C4
29.941,Guidelines on Port Allocation for New 3GPP Interfaces,C4
29.949,Study on technical aspects on roaming end-to-end scenarios with Voice over LTE (VoLTE) IP Multimedia Subsystem (IMS) and other networks,C3
29.962,Signalling interworking between the 3GPP profile of the Session Initiation Protocol (SIP) and non-3GPP SIP usage,C3
29.993,Modifications to be incorporated in equipment to cater for errors in the standards,RP
29.994,Recommended infrastructure measures to overcome specific Mobile Station (MS) and User Equipment (UE) faults,C1
29.998,Open Services Architecture (OSA) Application Programming Interface (API) part 2,CP
29.998-01,Open Service Access (OSA); Application Programming Interface (API) mapping for OSA; Part 1: General issues on API mapping,CP
29.998-04-1,Open Service Access (OSA); Application Programming Interface (API) Mapping for Open Service Access; Part 4: Call Control Service Mapping; Subpart 1: API to CAP Mapping,CP
29.998-04-2,Open Service Access (OSA) Application Programming Interface (API) Mapping for Open Service Access; Part 4: Call Control Service Mapping; Subpart 2: INAP,N5
29.998-04-3,Open Service Access (OSA) Application Programming Interface (API) Mapping for Open Service Access; Part 4: Call Control Service Mapping; Subpart 3: MEGACO mapping,N5
29.998-04-4,Open Service Access (OSA); Application Programming Interface (API) Mapping for Open Service Access; Part 4: Call Control Service Mapping; Subpart 4: Multiparty Call Control ISC,CP
29.998-05-1,Open Service Access (OSA); Application Programming Interface (API) Mapping for Open Service Access; Part 5: User Interaction Service Mapping; Subpart 1: API to CAP Mapping,CP
29.998-05-2,Open Service Access (OSA) Application Programming Interface (API) Mapping for Open Service Access; Part 5: User Interaction Service Mapping; Subpart 2: INAP mapping,N5
29.998-05-3,Open Service Access (OSA) Application Programming Interface (API) Mapping for Open Service Access; Part 5: User Interaction Service Mapping; Subpart 3: MEGACO mapping,N5
29.998-05-4,Open Service Access (OSA); Application Programming Interface (API) Mapping for Open Service Access; Part 5: User Interaction Service Mapping; Subpart 4: API to SMS Mapping,CP
29.998-06,Open Service Access (OSA); Application Programming Interface (API) Mapping for Open Service Access; Part 6: User Location and User Status Service Mapping to MAP,CP
29.998-06-1,Open Service Access (OSA); Application Programming Interface (API) Mapping for Open Service Access; Part 6: User location - user status service mapping; Subpart 1: Mapping to Mobile Application Part (MAP),CP
29.998-06-2,Open Service Access (OSA);  Application Programming Interface (API)  Mapping for Open Service Access;  Part 6: User location - user status service mapping; Subpart 2: Mapping to Session Initiation Protocol (SIP),CP
29.998-08,Open Service Access (OSA); Application Programming Interface (API) Mapping for Open Service Access; Part 8: Data Session Control Service Mapping to CAP,CP
30.002,Guidelines for the modification of the Mobile Application Part (MAP),N4
30.007,Guideline on WI/SI for new Operating Bands,RP
30.03U,Selection procedures for the choice of radio transmission technologies of the UMTS,RP
30.04U,Definition of the limited number of UTRA concepts,GP
30.06U,UTRA concept evaluation,SP
30.301,3.84 Mcps TDD enhanced uplink: RAN WG2 Stage 2 decisions,R2
30.302,1.28 Mcps TDD enhanced uplink: RAN WG2 Stage 2 decisions,R2
30.504,Work Plan and Study Items - RAN WG4,R4
30.531,Work Plan and Working Procedures - RAN WG3,R3
30.801,Overall Project  Plan,S2
30.802,Project plan on Bearer Services and QoS,S2
30.804,Project plan on GSM/UMTS Interoperation and Mobility Management,S2
30.806,Project plan on Location based services,S2
30.808,Project plan on Packet Architecture and Circuit Architecture,S2
30.810,Project plan on Security,S2
30.812,Project plan on Services and Service platforms,S2
30.817,"Telecommunication management; Project scheduling and open issues for SA5, Release 7",S5
30.818,"Telecommunication management; Project scheduling and open issues for SA5, Release 8",S5
30.819,"Telecommunication management; Project scheduling and open issues for SA5, Release 9",S5
30.820,"Telecommunication management; Project scheduling and open issues for SA5, Release 10",S5
30.821,"Telecommunication management; Project scheduling and open issues for SA5, Release 11",S5
30.902,Guidelines for the modification of the Mobile Application Part (MAP) in Phase 2+,C4
31.048,Security mechanisms for the (U)SIM application toolkit; Test specification,C6
31.101,UICC-terminal interface; Physical and logical characteristics,C6
31.102,Characteristics of the Universal Subscriber Identity Module (USIM) application,C6
31.103,Characteristics of the IP Multimedia Services Identity Module (ISIM) application,C6
31.104,Characteristics of the Hosting Party Subscription Identity Module (HPSIM) application,C6
31.105,Characteristics of the Slice Subscriber Identity Module application,C6
31.110,Numbering system for telecommunication IC card applications,C6
31.111,Universal Subscriber Identity Module (USIM) Application Toolkit (USAT),C6
31.112,Universal Subscriber Identity Module Application Toolkit (USAT) interpreter architecture description,C6
31.113,Universal Subscriber Identity Module Application Toolkit (USAT) interpreter byte codes,C6
31.114,Universal Subscriber Identity Module Application Toolkit (USAT) interpreter protocol and administration,C6
31.115,Secured packet structure for (Universal) Subscriber Identity Module (U)SIM Toolkit applications,C6
31.116,Remote APDU Structure for (U)SIM Toolkit applications,C6
31.117,Universal Subscriber Identity Module Application Toolkit (USAT) application behavioural test specification,C6
31.120,"UICC-terminal interface; Physical, electrical and logical test specification",C6
31.121,UICC-terminal interface; Universal Subscriber Identity Module (USIM) application test specification,C6
31.122,Universal Subscriber Identity Module (USIM) conformance test specification,C6
31.123,(Universal) Subscriber Interface Module ((U)SIM) toolkit interpreter test,T3
31.124,Mobile Equipment (ME) conformance test specification; Universal Subscriber Identity Module Application Toolkit (USAT) conformance test specification,C6
31.127,UICC-terminal interaction; non-removable Universal Subscriber Identity Module (nrUSIM) application behavioural test specification,C6
31.130,(U)SIM Application Programming Interface (API); (U)SIM API for Java™ Card,C6
31.131,C-language binding to (U)SIM API,C6
31.133,IP Multimedia Services Identity Module (ISIM) Application Programming Interface (API); ISIM API for Java Card™,C6
31.134,Mobile Equipment (ME) conformance test specification; IP Multimedia Services Identity Module (ISIM) interworking with IP Multimedia Subsystem (IMS) test specification,C6
31.213,Test specification for (U)SIM; Application Programming Interface (API) for Java Card™,C6
31.220,Characteristics of the Contact Manager for 3GPP UICC applications,C6
31.221,Contact Manager Application Programming Interface (API); Contact Manager API for Java Card,C6
31.222,GBA_U Based APIs,C6
31.320,Contact Manager for 3GPP UICC applications test specifications,C6
31.321,Contact Manager API for Java™ Card test specification,C6
31.801,Technical requirements for the secure platform for 3GPP applications,C6
31.822,Study on GBA_U Based APIs,C6
31.826,Study on new UICC application for NSSA,C6
31.828,UICC access to IMS,C6
31.829,Conformance requirements for IP Multimedia Services Identity Module (ISIM) application test specification,C6
31.890,CT WG6 aspects of 5G System Phase 1,C6
31.900,SIM/USIM internal and external interworking aspects,C6
31.901,Review of dedicated 3GPP UICC features (Red_UCe),C6
31.919,2G/3G Java Card™ Application Programming Interface (API) based applet interworking,C6
31.970,UICC power optimisation for Machine-Type Communication (MTC),C6
32.005,Telecommunications management; Charging management; 3G call and event data for the Circuit Switched (CS) domain,S5
32.015,Telecommunications management; Charging management; 3G call and event data for the Packet Switched (PS) domain,S5
32.01U,Overall principles of the OAM for the UMTS,SMG12
32.101,Telecommunication management; Principles and high level requirements,S5
32.102,Telecommunication management; Architecture,S5
32.103,Telecommunication management; Integration Reference Point (IRP) overview and usage guide,S5
32.104,Telecommunication management; 3G Performance Management,S5
32.105,3G charging and billing; Stage 2 description,S5
32.106,Configuration Management,S5
32.106-1,Telecommunication management; Configuration Management (CM); Part 1: Concept and requirements,S5
32.106-2,Telecommunication management; Configuration Management (CM); Part 2: Notification Integration Reference Point (IRP): Information Service (IS),S5
32.106-3,Telecommunication management; Configuration Management (CM); Part 3: Notification Integration Reference Point (IRP); Common Object Request Broker Architecture (CORBA) Solution Set (SS),S5
32.106-4,Telecommunication management; Configuration Management (CM); Part 4: Notification Integration Reference Point (IRP); Common Management Information Protocol (CMIP) Solution Set (SS),S5
32.106-5,Telecommunication management; Configuration Management (CM); Part 5: Basic CM Integration Reference Point (IRP): Information model (including Network Resource Model (NRM),S5
32.106-6,Telecommunication management; Configuration Management (CM); Part 6: Basic CM Integration Reference Point (IRP): Common Object Request Broker Architecture (CORBA) Solution Set (SS),S5
32.106-7,Telecommunication management; Configuration Management (CM); Part 7: Basic CM Integration Reference Point (IRP): Common Management Information Protocol (CMIP) Solution Set (SS),S5
32.106-8,Telecommunication management; Configuration Management (CM); Part 8: Name convention for Managed Objects,S5
32.107,Telecommunication management; Fixed Mobile Convergence (FMC) Federated Network Information Model (FNIM),S5
32.108,Telecommunication management; Subscriber and equipment trace,S5
32.111,3G Fault Management,S5
32.111-1,Telecommunication management; Fault Management; Part 1: 3G fault management requirements,S5
32.111-2,Telecommunication management; Fault Management; Part 2: Alarm Integration Reference Point (IRP): Information Service (IS),S5
32.111-3,Telecommunication management; Fault Management; Part 3: Alarm Integration Reference Point (IRP): Common Object Request Broker Architecture (CORBA) Solution Set (SS),S5
32.111-4,Telecommunication management; Fault Management; Part 4: Alarm Integration Reference Point (IRP): Common Management Information Protocol (CMIP) Solution Set (SS),S5
32.111-5,Telecommunication management; Fault Management; Part 5: Alarm Integration Reference Point (IRP): eXtensible Markup Language (XML) definitions,S5
32.111-6,Telecommunication management; Fault Management; Part 6: Alarm Integration Reference Point (IRP): Solution Set (SS) definitions,S5
32.111-7,Telecommunication management; Fault Management; Part 7: Alarm IRP SOAP Solution Set (SS),S5
32.112,Telecommunication management; Fault Management; Alarm Integration Reference Point: Information Service,S5
32.112-1,Telecommunication management; Generic Integration Reference Point (IRP) management; Part 1: Requirements,S5
32.112-2,Telecommunication management; Generic Integration Reference Point (IRP) management; Part 2: Information service,S5
32.113,Telecommunication management; Fault Management; Alarm Integration Reference Point (IRP): Common Object Request Broker Architecture (CORBA) solution set,S5
32.114,Telecommunication management; Fault Management; Alarm Integration Reference Point (IRP): Common Management Information Protocol (CMIP) solution set,S5
32.121,Telecommunication management; Advanced Alarm Management (AAM) Integration Reference Point (IRP): Requirements,S5
32.122,Telecommunication management; Advanced Alarm Management (AAM) Integration Reference Point (IRP): Information Service (IS),S5
32.123,Telecommunication management; Advanced Alarm Management (AAM) Integration Reference Point (IRP); Common Object Request Broker Architecture (CORBA) Solution Set (SS),S5
32.125,Telecommunication management; Advanced Alarm Management (AAM) Integration Reference Point (IRP): eXtensible Markup Language (XML) file format definition,S5
32.126,Telecommunication management; Advanced Alarm Management (AAM) Integration Reference Point (IRP); Solution Set (SS) definitions,S5
32.127,Telecommunication management; Advanced Alarm Management (AAM) Integration Reference Point (IRP); SOAP Solution Set (SS),S5
32.130,Telecommunication management; Network sharing; Concepts and requirements,S5
32.140,Telecommunication management; Subscription Management (SuM) requirements,S5
32.141,Telecommunication management; Subscription Management (SuM) architecture,S5
32.150,Telecommunication management; Integration Reference Point (IRP) Concept and definitions,S5
32.151,Telecommunication management; Integration Reference Point (IRP) Information Service (IS) template,S5
32.152,Telecommunication management; Integration Reference Point (IRP) Information Service (IS) Unified Modelling Language (UML) repertoire,S5
32.153,"Telecommunication management;  Integration Reference Point (IRP) technology specific templates, rules and guidelines",S5
32.154,Telecommunication management; Backward and Forward Compatibility (BFC); Concept and definitions,S5
32.155,Telecommunication management; Requirements template,S5
32.156,Telecommunication management; Fixed Mobile Convergence (FMC) model repertoire,S5
32.157,Telecommunication management; Integration Reference Point (IRP) Information Service (IS) template,S5
32.158,Management and orchestration;Design rules for REpresentational State Transfer (REST) Solution Sets (SS),S5
32.159,TS template for stage 2 and stage 3 of management service definitions,S5
32.160,Management and orchestration; Management service template,S5
32.161,Management and orchestration; JSON expressions (Jex),S5
32.171,Telecommunication management; Subscription Management (SuM) Network Resource Model (NRM) Integration Reference Point (IRP); Requirements,S5
32.172,Telecommunication management; Subscription Management (SuM) Network Resource Model (NRM) Integration Reference Point (IRP): Information Service (IS),S5
32.173,Telecommunication management; Subscription Management (SuM) Network Resource Model (NRM) Integration Reference Point (IRP); Common Object Request Broker Architecture (CORBA) Solution Set (SS),S5
32.175,Telecommunication management; Subscription Management (SuM) Network Resource Model (NRM) Integration Reference Point (IRP): eXtensible Markup Language (XML) definition,S5
32.176,Telecommunication management; Subscription Management (SuM) Network Resource Model (NRM) Integration Reference Point (IRP); Solution Set (SS) definitions,S5
32.181,Telecommunication management; User Data Convergence (UDC); Framework for Model Handling and Management,S5
32.182,Telecommunication management; User Data Convergence (UDC); Common baseline information model (CBIM),S5
32.200,Telecommunication management; Charging management; Charging principles,S5
32.205,Telecommunication management; Charging management; Charging data description for the Circuit Switched (CS) domain,S5
32.215,Telecommunication management; Charging management; Charging data description for the Packet Switched (PS) domain,S5
32.225,Telecommunication management; Charging management; Charging data description for the IP Multimedia Subsystem (IMS),S5
32.235,Telecommunication management; Charging management; Charging data description for application services,S5
32.240,Telecommunication management; Charging management; Charging architecture and principles,S5
32.250,Telecommunication management; Charging management; Circuit Switched (CS) domain charging,S5
32.251,Telecommunication management;Charging management;Packet Switched (PS) domain charging,S5
32.252,Telecommunication management; Charging management; Wireless Local Area Network (WLAN) charging,S5
32.253,Telecommunication management; Charging management; Control Plane (CP) data transfer domain charging ,S5
32.254,Telecommunication management; Charging management; Exposure function Northbound Application Program Interfaces (APIs) charging,S5
32.255,Telecommunication management; Charging management; 5G data connectivity domain charging; Stage 2,S5
32.256,Charging management; 5G connection and mobility domain charging; Stage 2,S5
32.257,Telecommunication management; Charging management; Edge computing domain charging,S5
32.260,Telecommunication management;Charging management;IP Multimedia Subsystem (IMS) charging,S5
32.270,Telecommunication management; Charging management; Multimedia Messaging Service (MMS) charging,S5
32.271,Telecommunication management; Charging management; Location Services (LCS) charging,S5
32.272,Telecommunication management; Charging management; Push-to-talk over Cellular (PoC) charging,S5
32.273,Telecommunication management; Charging management; Multimedia Broadcast and Multicast Service (MBMS) charging,S5
32.274,Telecommunication management; Charging management; Short Message Service (SMS) charging,S5
32.275,Telecommunication management; Charging management; MultiMedia Telephony (MMTel) charging,S5
32.276,Telecommunication management; Charging management; Voice Call Service (VCS) charging,S5
32.277,Telecommunication management; Charging management; Proximity-based Services (ProSe) charging,S5
32.278,Telecommunication management;Charging management;Monitoring event charging,S5
32.279,Charging management; 5G Multicast-broadcast Services charging,S5
32.280,Telecommunication management; Charging management; Advice of Charge (AoC) service,S5
32.281,Telecommunication management; Charging management; Announcement service,S5
32.282,Charging management; Time-Sensitive Networking (TSN) charging,S5
32.290,"Telecommunication management; Charging management; 5G system; Services, operations and procedures of charging using Service Based Interface (SBI)",S5
32.291,"Telecommunication management; Charging management; 5G system, charging service; Stage 3",S5
32.293,Telecommunication management; Charging management; Proxy function,S5
32.294,Charging for QoS Control Based on Subscriber Spending Limits,S5
32.295,Telecommunication management; Charging management; Charging Data Record (CDR) transfer,S5
32.296,Telecommunication management; Charging management; Online Charging System (OCS): Applications and interfaces,S5
32.297,Telecommunication management; Charging management; Charging Data Record (CDR) file format and transfer,S5
32.298,Telecommunication management; Charging management; Charging Data Record (CDR) parameter description,S5
32.299,Telecommunication management; Charging management; Diameter charging applications,S5
32.300,Telecommunication management; Configuration Management (CM); Name convention for Managed Objects,S5
32.301,Telecommunication management; Configuration Management (CM); Notification Integration Reference Point (IRP); Requirements,S5
32.301-1,Telecommunication management; Configuration Management (CM); Notification Integration Reference Point (IRP): requirements,S5
32.301-2,Telecommunication management; Configuration Management (CM); Part 2: Notification Integration Reference Point (IRP): Information Service,S5
32.301-3,Telecommunication management; Configuration Management (CM); Part 3: Notification Integration Reference Point (IRP): Common Object Request Broker Architecture (CORBA) solution set,S5
32.301-4,Telecommunication management; Configuration Management (CM); Part 4: Notification Integration Reference Point: Common Management Information Protocol (CMIP) solution,S5
32.302,Telecommunication management; Configuration Management (CM); Notification Integration Reference Point (IRP); Information Service (IS),S5
32.303,Telecommunication management; Configuration Management (CM); Notification Integration Reference Point (IRP); Common Object Request Broker Architecture (CORBA) Solution Set (SS),S5
32.304,Telecommunication management; Configuration Management (CM); Notification Integration Reference Point (IRP): Common Management Information Protocol (CMIP) Solution Set (SS),S5
32.305,Telecommunication management; Configuration Management (CM); Notification Integration Reference Point (IRP); eXtensible Markup Language (XML) definition,S5
32.306,Telecommunication management; Configuration Management (CM); Notification Integration Reference Point (IRP): Solution Set (SS) definitions,S5
32.307,Telecommunication management; Configuration Management (CM); Notification Integration Reference Point (IRP); SOAP Solution Set (SS),S5
32.311,Telecommunication management; Generic Integration Reference Point (IRP) management; Requirements,S5
32.312,Telecommunication management; Generic Integration Reference Point (IRP) management; Information Service (IS),S5
32.312-1,Telecommunication management; Generic Integration Reference Point (IRP) management; Requirements,S5
32.312-2,Telecommunication management; Generic Integration Reference Point (IRP) management; Information service,S5
32.313,Telecommunication management; Generic Integration Reference Point (IRP) management; Common Object Request Broker Architecture (CORBA) Solution Set (SS),S5
32.314,Telecommunication management; Generic Integration Reference Point (IRP) management; Common Management Information Protocol (CMIP) Solution Set (SS),S5
32.316,Telecommunication management; Generic Integration Reference Point (IRP) management; Solution Set (SS) definitions,S5
32.317,Telecommunication management; Generic Integration Reference Point (IRP) management; SOAP Solution Set (SS),S5
32.321,Telecommunication management; Test management Integration Reference Point (IRP); Requirements,S5
32.322,Telecommunication management; Test management Integration Reference Point (IRP); Information Service (IS),S5
32.323,Telecommunication management; Test management Integration Reference Point (IRP); Common Object Request Broker Architecture (CORBA) Solution Set (SS),S5
32.324,Telecommunication management; Test management Integration Reference Point (IRP); Common Management Information Protocol (CMIP) Solution Set (SS),S5
32.325,Telecommunication management; Test management Integration Reference Point (IRP); eXtensible Markup Language (XML) definitions,S5
32.326,Telecommunication management; Test management Integration Reference Point (IRP): Solution Set (SS) definitions,S5
32.327,Telecommunication management; Test management Integration Reference Point (IRP); SOAP Solution Set (SS),S5
32.331,Telecommunication management; Notification Log (NL) Integration Reference Point (IRP); Requirements,S5
32.332,Telecommunication management; Notification Log (NL) Integration Reference Point (IRP); Information Service (IS),S5
32.333,Telecommunication management; Notification Log (NL) Integration Reference Point (IRP); Common Object Request Broker Architecture (CORBA) Solution Set (SS),S5
32.334,Telecommunication management; Notification Log (NL) Integration Reference Point (IRP); Common Management Information Protocol (CMIP) Solution Set (SS),S5
32.335,Telecommunication management; Notification Log (NL) Integration Reference Point (IRP); eXtensible Markup Language (XML) solution definitions,S5
32.336,Telecommunication management; Notification Log (NL) Integration Reference Point (IRP): Solution Set (SS) definitions,S5
32.337,Telecommunication management; Notification Log (NL) Integration Reference Point (IRP); SOAP Solution Set (SS),S5
32.341,Telecommunication management; File Transfer (FT) Integration Reference Point (IRP); Requirements,S5
32.342,Telecommunication management; File Transfer (FT) Integration Reference Point (IRP); Information Service (IS),S5
32.343,Telecommunication management; File Transfer (FT) Integration Reference Point (IRP); Common Object Request Broker Architecture (CORBA) Solution Set (SS),S5
32.344,Telecommunication management; File Transfer (FT) Integration Reference Point (IRP); Common Management Information Protocol (CMIP) Solution Set (SS),S5
32.345,Telecommunication management; File Transfer (FT) Integration Reference Point (IRP); eXtensible Markup Language (XML) definitions,S5
32.346,Telecommunication management; File Transfer (FT) Integration Reference Point (IRP): Solution Set (SS) definitions,S5
32.347,Telecommunication management; File Transfer (FT) Integration Reference Point (IRP); SOAP Solution Set (SS),S5
32.350,Telecommunication management; Communication Surveillance (CS) requirements,S5
32.351,Telecommunication management; Communication Surveillance (CS) Integration Reference Point (IRP); Requirements,S5
32.352,Telecommunication management; Communication Surveillance (CS) Integration Reference Point (IRP); Information Service (IS),S5
32.353,Telecommunication management; Communication Surveillance (CS) Integration Reference Point (IRP); Common Object Request Broker Architecture (CORBA) Solution Set (SS),S5
32.354,Telecommunication management; Communication Surveillance (CS) Integration Reference Point (IRP); Common Management Information Protocol (CMIP) Solution Set (SS),S5
32.355,Telecommunication management; Communication Surveillance (CS) Integration Reference Point (IRP); eXtensible Markup Language (XML) definitions,S5
32.356,Telecommunication management; Communication Surveillance (CS) Integration Reference Point (IRP); Solution Set (SS) definitions,S5
32.357,Telecommunication management; Communication Surveillance (CS) Integration Reference Point (IRP); SOAP Solution Set (SS),S5
32.361,Telecommunication management; Entry Point (EP) Integration Reference Point (IRP); Requirements,S5
32.362,Telecommunication management; Entry Point (EP) Integration Reference Point (IRP); Information Service (IS),S5
32.363,Telecommunication management; Entry Point (EP) Integration Reference Point (IRP); Common Object Request Broker Architecture (CORBA) Solution Set (SS),S5
32.364,Telecommunication Management; Entry Point (EP) Integration Reference Point (IRP); Common Management Information Protocol (CMIP) Solution Set (SS),S5
32.365,Telecommunication management; Entry Point (EP) Integration Reference Point (IRP); eXtensible Markup Language (XML) definitions,S5
32.366,Telecommunication management; Entry Point (EP) Integration Reference Point (IRP); Solution Set (SS) definitions,S5
32.367,Telecommunication management; Entry Point (EP) Integration Reference Point (IRP); SOAP Solution Set (SS),S5
32.371,Telecommunication management; Security Management concept and requirements,S5
32.372,Telecommunication management; Security services for Integration Reference Point (IRP); Information Service (IS),S5
32.373,Telecommunication management; Security services for Integration Reference Point (IRP); Common Object Request Broker Architecture (CORBA) solution,S5
32.374,Telecommunication management; Security Management  Integration Reference Point (IRP); Common Management Information Protocol (CMIP) Solution Set (SS),S5
32.375,Telecommunication management; Security services for Integration Reference Point (IRP); File integrity solution,S5
32.376,Telecommunication management; Security services for Integration Reference Point (IRP); Solution Set (SS) definitions,S5
32.381,Telecommunication management; Partial Suspension of Itf-N Integration Reference Point (IRP); Requirements,S5
32.382,Telecommunication management; Partial Suspension of Itf-N Integration Reference Point (IRP); Information Service (IS),S5
32.383,Telecommunication management; Partial Suspension of Itf-N Integration Reference Point (IRP); Common Object Request Broker Architecture (CORBA) Solution Set (SS),S5
32.385,Telecommunication management; Partial Suspension of Itf-N Integration Reference Point (IRP): eXtensible Markup Language (XML) file format definition,S5
32.386,Telecommunication management; Partial Suspension of Itf-N Integration Reference Point (IRP); Solution Set (SS) definitions,S5
32.387,Telecommunication management; Partial Suspension of Itf-N Integration Reference Point (IRP); SOAP Solution Set (SS),S5
32.391,Telecommunication management; Delta synchronization Integration Reference Point (IRP); Requirements,S5
32.392,Telecommunication management; Delta synchronization Integration Reference Point (IRP); Information Service (IS),S5
32.393,Telecommunication management; Delta synchronization Integration Reference Point (IRP); Common Object Request Broker Architecture (CORBA) Solution Set (SS),S5
32.395,Telecommunication management; Delta synchronisation Integration Reference Point (IRP); eXtensible Markup Language (XML) file format definition,S5
32.396,Telecommunication management; Delta synchronization Integration Reference Point (IRP); Solution Set (SS) definitions,S5
32.397,Telecommunication management; Delta synchronization Integration Reference Point (IRP); SOAP Solution Set (SS),S5
32.401,Telecommunication management;Performance Management (PM);Concept and requirements,S5
32.402,Telecommunication management; Performance Management (PM); Performance measurements - GSM,S5
32.403,Telecommunication management; Performance Management (PM); Performance measurements; UMTS and combined UMTS/GSM,S5
32.404,Telecommunication management; Performance Management (PM); Performance measurements; Definitions and template,S5
32.405,Telecommunication management; Performance Management (PM); Performance measurements; Universal Terrestrial Radio Access Network (UTRAN),S5
32.406,Telecommunication management; Performance Management (PM); Performance measurements; Core Network (CN) Packet Switched (PS) domain,S5
32.407,Telecommunication management; Performance Management (PM); Performance measurements; Core Network (CN) Circuit Switched (CS) domain; UMTS and combined UMTS/GSM,S5
32.408,Telecommunication management; Performance Management (PM); Performance measurements; Teleservice,S5
32.409,Telecommunication management; Performance Management (PM); Performance measurements; IP Multimedia Subsystem (IMS),S5
32.410,Telecommunication management; Key Performance Indicators (KPI) for UMTS and GSM,S5
32.411,Telecommunication management; Performance Management (PM) Integration Reference Point (IRP): Requirements,S5
32.412,Telecommunication management; Performance Management (PM) Integration Reference Point (IRP): Information Service (IS),S5
32.413,Telecommunication management; Performance Management (PM) Integration Reference Point (IRP): Common Object Request Broker Architecture (CORBA) Solution Set (SS),S5
32.414,Telecommunication management; Performance Management (PM) Integration Reference Point (IRP): Common Management Information Protocol (CMIP) Solution Set (SS),S5
32.415,Telecommunication management; Performance Management (PM) Integration Reference Point (IRP); eXtensible Markup Language (XML) definitions,S5
32.416,Telecommunication management; Performance Management (PM) Integration Reference Point (IRP); Solution Set (SS) definitions,S5
32.417,Telecommunication management; Performance Management (PM) Integration Reference Point (IRP); SOAP Solution Set (SS),S5
32.421,Telecommunication management; Subscriber and equipment trace; Trace concepts and requirements,S5
32.422,Telecommunication management; Subscriber and equipment trace; Trace control and configuration management,S5
32.423,Telecommunication management; Subscriber and equipment trace; Trace data definition and management,S5
32.425,Telecommunication management; Performance Management (PM); Performance measurements Evolved Universal Terrestrial Radio Access Network (E-UTRAN),S5
32.426,Telecommunication management; Performance Management (PM); Performance measurements Evolved Packet Core (EPC) network,S5
32.431,Telecommunication management; Performance measurement collection Integration Reference Point (IRP); Requirements,S5
32.432,Telecommunication management; Performance measurement: File format definition,S5
32.433,Telecommunication management; Performance measurement collection Integration Reference Point (IRP); eXtensible Markup Language (XML) file format definition,S5
32.434,Telecommunication management; Performance measurement collection Integration Reference Point (IRP); Abstract Syntax Notation 1 (ASN.1) file format definition,S5
32.435,Telecommunication management; Performance measurement; eXtensible Markup Language (XML) file format definition,S5
32.436,Telecommunication management; Performance measurement: Abstract Syntax Notation 1 (ASN.1) file format definition,S5
32.441,Telecommunication management; Trace Management Integration Reference Point (IRP); Requirements,S5
32.442,Telecommunication management; Trace Management Integration Reference Point (IRP); Information Service (IS),S5
32.443,Telecommunication management; Trace Management (Trace) Integration Reference Point (IRP): Common Object Request Broker Architecture (CORBA) Solution Set (SS),S5
32.445,Telecommunication management; Trace Management (Trace) Integration Reference Point (IRP): eXtensible Markup Language (XML) file format definition,S5
32.446,Telecommunication management; Trace Management Integration Reference Point (IRP); Solution Set (SS) definitions,S5
32.447,Telecommunication management; Trace Management Integration Reference Point (IRP): SOAP Solution Set (SS),S5
32.450,Telecommunication management; Key Performance Indicators (KPI) for Evolved Universal Terrestrial Radio Access Network (E-UTRAN): Definitions,S5
32.451,Telecommunication management; Key Performance Indicators (KPI) for Evolved Universal Terrestrial Radio Access Network (E-UTRAN); Requirements,S5
32.452,Telecommunication management; Performance Management (PM); Performance measurements Home Node B (HNB) Subsystem (HNS),S5
32.453,Telecommunication management; Performance Management (PM); Performance measurements Home enhanced Node B (HeNB) Subsystem (HeNS),S5
32.454,Telecommunication management; Key Performance Indicators (KPI) for the IP Multimedia Subsystem (IMS); Definitions,S5
32.455,Telecommunication management; Key Performance Indicators (KPI) for the Evolved Packet Core (EPC); Definitions,S5
32.500,Telecommunication management; Self-Organizing Networks (SON); Concepts and requirements,S5
32.501,Telecommunication management; Self-configuration of network elements; Concepts and requirements,S5
32.502,Telecommunication management; Self-configuration of network elements Integration Reference Point (IRP); Information Service (IS),S5
32.503,Telecommunication management; Self-configuration of network elements Integration Reference Point (IRP); Common Object Request Broker Architecture (CORBA) Solution Set (SS),S5
32.505,Telecommunication management; Self-configuration of network elements Integration Reference Point (IRP): eXtensible Markup Language (XML) file format definition,S5
32.506,Telecommunication management; Self-configuration of network elements Integration Reference Point (IRP); Solution Set (SS) definitions,S5
32.507,Telecommunication management; Self-configuration of network elements Integration Reference Point (IRP): SOAP Solution Set (SS),S5
32.508,Telecommunication management; Procedure flows for multi-vendor plug-and-play eNode B connection to the network,S5
32.509,Telecommunication management; Data formats for multi-vendor plug and play eNode B connection to the network,S5
32.511,Telecommunication management; Automatic Neighbour Relation (ANR) management; Concepts and requirements,S5
32.521,Telecommunication management; Self-Organizing Networks (SON) Policy Network Resource Model (NRM) Integration Reference Point (IRP); Requirements,S5
32.522,Telecommunication management; Self-Organizing Networks (SON) Policy Network Resource Model (NRM) Integration Reference Point (IRP); Information Service (IS),S5
32.523,Telecommunication management; Self-Organizing Networks (SON); Policy Network Resource Model (NRM) Integration Reference Point (IRP); Common Object Request Broker Architecture (CORBA) Solution Set (SS),S5
32.525,Telecommunication management; Self-Organizing Networks (SON) Policy Network Resource Model (NRM) Integration Reference Point (IRP); eXtensible Markup Language (XML) file format definition,S5
32.526,Telecommunication management; Self-Organizing Networks (SON); Policy Network Resource Model (NRM) Integration Reference Point (IRP); Solution Set (SS) definitions,S5
32.531,Telecommunication management; Software management (SwM); Concepts and Integration Reference Point (IRP) Requirements,S5
32.532,Telecommunication management; Software management (SwM); Integration Reference Point (IRP); Information Service (IS),S5
32.533,Telecommunication management; Software management (SwM); Integration Reference Point (IRP); Common Object Request Broker Architecture (CORBA) Solution Set (SS),S5
32.535,Telecommunication management; Software Management Integration Reference Point (IRP); eXtensible Markup Language (XML) definitions,S5
32.536,Telecommunication management; Software management Integration Reference Point (IRP); Solution Set (SS) definitions,S5
32.537,Telecommunication management; Software management (SwM); Integration Reference Point (IRP); SOAP Solution Set (SS),S5
32.541,Telecommunication management; Self-Organizing Networks (SON); Self-healing concepts and requirements,S5
32.542,Telecommunication management; Self-Organizing Networks (SON); Self-healing stage 2,S5
32.543,Telecommunication management; Self-Organizing Networks (SON); Self-healing stage 3,S5
32.551,Telecommunication management; Energy Saving Management (ESM); Concepts and requirements,S5
32.571,Telecommunication management; Home Node B (HNB) and Home eNode B (HeNB) management; Type 2 interface concepts and requirements,S5
32.572,Telecommunication management; Home Node B (HNB) and Home eNode B (HeNB) management; Type 2 interface models and mapping functions,S5
32.581,"Telecommunication management; Home Node B (HNB) Operations, Administration, Maintenance and Provisioning (OAM&P); Concepts and requirements for Type 1 interface HNB to HNB Management System (HMS)",S5
32.582,"Telecommunication management; Home Node B (HNB) Operations, Administration, Maintenance and Provisioning (OAM&P); Information model for Type 1 interface HNB to HNB Management System (HMS)",S5
32.583,"Telecommunication management; Home Node B (HNB) Operations, Administration, Maintenance and Provisioning (OAM&P); Procedure flows for Type 1 interface HNB to HNB Management System (HMS)",S5
32.584,"Telecommunication management; Home Node B (HNB) Operations, Administration, Maintenance and Provisioning (OAM&P); XML definitions for Type 1 interface HNB to HNB Management System (HMS)",S5
32.591,"Telecommunication management; Home enhanced Node B (HeNB) Operations, Administration, Maintenance and Provisioning (OAM&P); Concepts and requirements for Type 1 interface HeNB to HeNB Management System (HeMS)",S5
32.592,"Telecommunication management; Home enhanced Node B (HeNB) Operations, Administration, Maintenance and Provisioning (OAM&P); Information model for Type 1 interface HeNB to HeNB Management System (HeMS)",S5
32.593,"Telecommunication management; Home enhanced Node B (HeNB) Operations, Administration, Maintenance and Provisioning (OAM&P); Procedure flows for Type 1 interface HeNB to HeNB Management System (HeMS)",S5
32.594,"Telecommunication management; Home enhanced Node B (HeNB) Operations, Administration, Maintenance and Provisioning (OAM&P); XML definitions for Type 1 interface HeNB to HeNB Management System (HeMS)",S5
32.600,Telecommunication management; Configuration Management (CM); Concept and high-level requirements,S5
32.601,Telecommunication management; Configuration Management (CM); Basic CM Integration Reference Point (IRP); Requirements,S5
32.601-1,Telecommunication management; Configuration Management (CM); Part 1: Basic CM Integration Reference Point (IRP): requirements,S5
32.601-2,Telecommunication management; Configuration Management (CM); Part 2: Basic CM Integration Reference Point (IRP) information model,S5
32.601-3,Telecommunication management; Configuration Management (CM); Part 3: Basic CM Integration Reference Point (IRP): Common Object Request Broker Architecture (CORBA) solution set,S5
32.601-4,Telecommunication management; Configuration Management (CM); Part 4: Basic CM Integration Reference Point (IRP): Common Management Information Protocol (CMIP) solution set,S5
32.602,Telecommunication management; Configuration Management (CM); Basic CM Integration Reference Point (IRP); Information Service (IS),S5
32.602-1,Telecommunication management; Configuration Management (CM); CMt: Bulk CM Integration Reference Point (IRP) requirements,S5
32.602-2,Telecommunication management; Configuration Management (CM); CMt: Bulk Configuration Management Integration Reference Point (IRP): Information service,S5
32.602-3,Telecommunication management; Configuration Management (CM); CM: Bulk Configuration Management Integration Reference Point (IRP): Common Object Request Broker Architecture (CORBA) solution set,S5
32.602-4,Telecommunication management; Configuration Management (CM); CM: Bulk Configuration Management Integration Reference Point (IRP): Common Management Information Protocol (CMIP) solution set,S5
32.602-5,Telecommunication management; Configuration Management (CM); CM: Bulk Configuration Management Integration Reference Point (IRP): XML file format definition,S5
32.603,Telecommunication management; Configuration Management (CM); Basic CM Integration Reference Point (IRP); Common Object Request Broker Architecture (CORBA) Solution Set (SS),S5
32.604,Telecommunication management; Configuration Management (CM); Basic CM Integration Reference Point (IRP) Common Management Information Protocol (CMIP) Solution Set (SS),S5
32.606,Telecommunication management; Configuration Management (CM); Basic CM Integration Reference Point (IRP); Solution Set (SS) definitions,S5
32.607,Telecommunication management; Configuration Management (CM); Basic CM Integration Reference Point (IRP); SOAP Solution Set (SS),S5
32.611,Telecommunication management; Configuration Management (CM); Bulk CM Integration Reference Point (IRP): Requirements,S5
32.612,Telecommunication management; Configuration Management (CM); Bulk CM Integration Reference Point (IRP): Information Service (IS),S5
32.613,Telecommunication management; Configuration Management (CM); Bulk CM Integration Reference Point (IRP): Common Object Request Broker Architecture (CORBA) Solution Set (SS),S5
32.614,Telecommunication management; Configuration Management (CM); Bulk CM Integration Reference Point (IRP): Common Management Information Protocol (CMIP) Solution Set (SS),S5
32.615,Telecommunication management; Configuration Management (CM); Bulk CM Integration Reference Point (IRP): eXtensible Markup Language (XML) file format definition,S5
32.616,Telecommunication management; Configuration Management (CM); Bulk CM Integration Reference Point (IRP); Solution Set (SS) definitions,S5
32.617,Telecommunication management; Configuration Management (CM); Bulk CM Integration Reference Point (IRP): Bulk CM IRP SOAP Solution Set (SS),S5
32.620-1,Telecommunication management; Configuration Management (CM); Part 1: Generic network resources Integration Reference Point (IRP): requirements,S5
32.620-2,Telecommunication management; Configuration Management (CM); Part 2: Generic network resources Integration Reference Point (IRP): Network Resource Model (NRM),S5
32.620-3,Telecommunication management; Configuration Management (CM); Part 3: Generic network resources Integration Reference Point (IRP): Common Object Request Broker Architecture (CORBA) solution set,S5
32.620-4,Telecommunication management; Configuration Management (CM); Part 4: Generic network resources: Integration Reference Point (IRP) Common Management Information Protocol (CMIP) solution set,S5
32.621,Telecommunication management; Configuration Management (CM); Generic network resources Integration Reference Point (IRP); Requirements,S5
32.621-1,Telecommunication management; Configuration Management (CM); Part 1: Core network resources Integration Reference Point (IRP): requirements,S5
32.621-2,Telecommunication management; Configuration Management (CM); Core Network Resources Integration Reference Point (IRP): Network Resource Model (NRM),S5
32.621-3,Telecommunication management; Configuration Management (CM); Part 3: Core network resources Integration Reference Point (IRP): Common Object Request Broker Architecture (CORBA) solution set,S5
32.621-4,Telecommunication management; Configuration Management (CM); Part 4: Core network resources Integration Reference Point (IRP): Common Management Information Protocol (CMIP) solution set,S5
32.622,Telecommunication management; Configuration Management (CM); Generic network resources Integration Reference Point (IRP); Network Resource Model (NRM),S5
32.622-1,Telecommunication management; Configuration Management (CM); Part 1: UTRAN network resources Integration Reference Point (IRP): requirements,S5
32.622-2,Telecommunication management; Configuration Management (CM); Part 2: UTRAN network resources Integration Reference Point (IRP): Network Resource Model (NRM),S5
32.622-3,Telecommunication management; Configuration Management (CM); Part 3: UTRAN network resources Integration Reference Point (IRP): Common Object Request Broker Architecture (CORBA) solution set,S5
32.622-4,Telecommunication management; Configuration Management (CM); Part 4: UTRAN network resources Integration Reference Point (IRP): Common Management Information Protocol (CMIP) solution set,S5
32.623,Telecommunication management; Configuration Management (CM); Generic network resources Integration Reference Point (IRP); Common Object Request Broker Architecture (CORBA) Solution Set (SS),S5
32.623-1,Telecommunication management; Configuration Management (CM); Part 1: GERAN network resources Integration Reference Point (IRP): requirements,S5
32.623-2,Telecommunication management; Configuration Management (CM); Part 2: GERAN network resources Integration Reference Point (IRP): Network Resource Model (NRM),S5
32.623-3,Telecommunication management; Configuration Management (CM); Part 3: GERAN network resources Integration Reference Point (IRP): Common Object Request Broker Architecture (CORBA) solution set,S5
32.623-4,Telecommunication management; Configuration Management (CM); Part 4: GERAN network resources Integration Reference Point (IRP): Common Management Information Protocol (CMIP) solution set,S5
32.624,Telecommunication management; Configuration Management (CM); Generic network resources: Integration Reference Point (IRP): Common Management Information Protocol (CMIP) Solution Set (SS),S5
32.625,Telecommunication management; Configuration Management (CM); Generic network resources Integration Reference Point (IRP): Bulk CM eXtensible Markup Language (XML) file format definition,S5
32.626,Telecommunication management; Configuration Management (CM); Generic network resources Integration Reference Point (IRP); Solution Set (SS) definitions,S5
32.627,Telecommunication management; Configuration Management (CM); Generic network resources Integration Reference Point (IRP): SOAP Solution Set (SS),S5
32.631,Telecommunication management; Configuration Management (CM); Core network resources Integration Reference Point (IRP); Requirements,S5
32.632,Telecommunication management; Configuration Management (CM); Core Network Resources Integration Reference Point (IRP); Network Resource Model (NRM),S5
32.633,Telecommunication management; Configuration Management (CM); Core network resources Integration Reference Point (IRP); Common Object Request Broker Architecture (CORBA) Solution Set (SS),S5
32.634,Telecommunication management; Configuration Management (CM); Core network resources Integration Reference Point (IRP): Common Management Information Protocol (CMIP) Solution Set (SS),S5
32.635,Telecommunication management; Configuration Management (CM); Core network resources Integration Reference Point (IRP); Bulk CM eXtensible Markup Language (XML) file format definition,S5
32.636,Telecommunication management; Configuration Management (CM); Core network resources Integration Reference Point (IRP); Solution Set (SS) Definitions,S5
32.637,Telecommunication management; Configuration Management (CM); Core network resources Integration Reference Point (IRP); SOAP Solution Set (SS),S5
32.641,Telecommunication management; Configuration Management (CM); UTRAN network resources Integration Reference Point (IRP); Requirements,S5
32.642,Telecommunication management; Configuration Management (CM); UTRAN network resources Integration Reference Point (IRP); Network Resource Model (NRM),S5
32.643,Telecommunication management; Configuration Management (CM); UTRAN network resources Integration Reference Point (IRP); Common Object Request Broker Architecture (CORBA) Solution Set (SS),S5
32.644,Telecommunication management; Configuration Management (CM); UTRAN network resources Integration Reference Point (IRP): Common Management Information Protocol (CMIP) Solution Set (SS),S5
32.645,Telecommunication management; Configuration Management (CM); UTRAN network resources Integration Reference Point (IRP); Bulk CM eXtensible Markup Language (XML) file format definition,S5
32.646,Telecommunication management; Configuration Management (CM); UTRAN network resources Integration Reference Point (IRP); Solution Set (SS) definitions,S5
32.647,Telecommunication management; Configuration Management (CM); UTRAN network resources Integration Reference Point (IRP); SOAP Solution Set (SS),S5
32.651,Telecommunication management; Configuration Management (CM); GERAN network resources Integration Reference Point (IRP); Requirements,S5
32.652,Telecommunication management; Configuration Management (CM); GERAN network resources Integration Reference Point (IRP); Network Resource Model (NRM),S5
32.653,Telecommunication management; Configuration Management (CM); GERAN network resources Integration Reference Point (IRP); Common Object Request Broker Architecture (CORBA) Solution Set (SS),S5
32.654,Telecommunication management; Configuration Management (CM); GERAN network resources Integration Reference Point (IRP): Common Management Information Protocol (CMIP) Solution Set (SS),S5
32.655,Telecommunication management; Configuration Management (CM); GERAN network resources Integration Reference Point (IRP); Bulk CM eXtensible Markup Language (XML) file format definition,S5
32.656,Telecommunication management; Configuration Management (CM); GERAN network resources Integration Reference Point (IRP); Solution Set (SS) definitions,S5
32.657,Telecommunication management; Configuration Management (CM); GERAN network resources Integration Reference Point (IRP); SOAP Solution Set (SS),S5
32.661,Telecommunication management; Configuration Management (CM); Kernel CM Requirements,S5
32.662,Telecommunication management; Configuration Management (CM); Kernel CM Information Service (IS),S5
32.663,Telecommunication management; Configuration Management (CM); Kernel CM Integration Reference Point (IRP); Common Object Request Broker Architecture (CORBA) Solution Set (SS),S5
32.664,Telecommunication management; Configuration Management (CM); Kernel CM Integration Reference Point (IRP); Common Management Information Protocol (CMIP) Solution Set (SS),S5
32.665,Telecommunication management; Configuration Management (CM); Kernel CM Integration Reference Point (IRP); eXtensible Markup Language (XML) definitions,S5
32.666,Telecommunication management; Configuration Management (CM); Kernel CM Integration Reference Point (IRP); Solution Set (SS) definitions,S5
32.667,Telecommunication management; Configuration Management (CM); Kernel CM Integration Reference Point (IRP); SOAP Solution Set (SS),S5
32.671,Telecommunication management; Configuration Management (CM); State Management Integration Reference Point (IRP); Requirements,S5
32.672,Telecommunication management; Configuration Management (CM); State Management Integration Reference Point (IRP); Information Service (IS),S5
32.673,Telecommunication management; Configuration Management (CM); State Management Integration Reference Point (IRP); Common Object Request Broker Architecture (CORBA) Solution Set (SS),S5
32.674,Telecommunication management; Configuration Management (CM); State Management Integration Reference Point (IRP): Common Management Information Protocol (CMIP) Solution Set (SS),S5
32.675,Telecommunication management; Configuration Management (CM); State Management Integration Reference Point (IRP); Bulk CM eXtensible Markup Language (XML) file format definition,S5
32.676,Telecommunication management; Configuration Management (CM); State Management Integration Reference Point (IRP); Solution Set (SS) definitions,S5
32.677,Telecommunication management; Configuration Management (CM); State Management Integration Reference Point (IRP); SOAP Solution Set (SS),S5
32.681,Telecommunication management; Inventory Management (IM) Integration Reference Point (IRP): Requirements,S5
32.682,Telecommunication management; Inventory Management (IM) Integration Reference Point (IRP); Information Service (IS),S5
32.683,Telecommunication management; Inventory Management (IM) Integration Reference Point (IRP): Common Object Request Broker Architecture (CORBA) Solution Set (SS),S5
32.684,Telecommunication management; Inventory Management (IM) Integration Reference Point (IRP): Common Management Information Protocol (CMIP) Solution Set (SS),S5
32.690,Telecommunication management; Inventory Management (IM); Requirements,S5
32.691,Telecommunication management; Inventory Management (IM) network resources Integration Reference Point (IRP): Requirements,S5
32.692,Telecommunication management; Inventory Management (IM) network resources Integration Reference Point (IRP); Network Resource Model (NRM),S5
32.695,Telecommunication management; Inventory Management (IM) network resources Integration Reference Point (IRP); Bulk Configuration Management (CM) eXtensible Markup Language (XML) file format definition,S5
32.696,Telecommunication management; Inventory Management (IM) Network Resource Model (NRM) Integration Reference Point (IRP); Solution Set (SS) definitions,S5
32.697,Telecommunication management; Inventory Management (IM) network resources Integration Reference Point (IRP); SOAP Solution Set (SS),S5
32.711,Telecommunication management; Configuration Management (CM); Transport Network (TN) interface Network Resource Model (NRM) Integration Reference Point (IRP); Requirements,S5
32.712,Telecommunication management; Configuration Management (CM); Transport Network (TN) interface Network Resource Model (NRM) Integration Reference Point (IRP); Information Service (IS),S5
32.713,Telecommunication management; Configuration Management (CM); Transport Network (TN) Network Resource Model (NRM) Integration Reference Point (IRP); Common Object Request Broker Architecture (CORBA) Solution Set (SS),S5
32.714,Telecommunication management; Configuration Management (CM); Transport Network (TN) Network Resource Model (NRM) Integration Reference Point (IRP); Common Management Information Protocol (CMIP) Solution Set (SS),S5
32.715,Telecommunication management; Configuration Management (CM) Transport Network (TN); Network Resource Model (NRM) Integration Reference Point (IRP); Bulk CM eXtensible Markup Language (XML) file format definition,S5
32.716,Telecommunication management; Configuration Management (CM); Transport Network (TN) interface Network Resource Model (NRM) Integration Reference Point (IRP); Solution Set (SS) definitions,S5
32.717,Telecommunication management; Configuration Management (CM) Transport Network (TN) Network Resource Model (NRM) Integration Reference Point (IRP); SOAP Solution Set (SS),S5
32.721,Telecommunication management; Configuration Management (CM); Repeater network resources Integration Reference Point (IRP); Requirements,S5
32.722,Telecommunication management; Configuration Management (CM); Repeater network resources Integration Reference Point (IRP); information Service (IS),S5
32.723,Telecommunication management; Configuration Management (CM); Repeater network resources Integration Reference Point (IRP); Common Object Request Broker Architecture (CORBA) Solution Set (SS),S5
32.724,Telecommunication management; Configuration Management (CM); Repeater network resources Integration Reference Point (IRP): Common Management Information Protocol (CMIP) Solution Set (SS),S5
32.725,Telecommunication management; Configuration Management (CM); Repeater network resources Integration Reference Point (IRP); Bulk CM eXtensible Markup Language (XML) file format definition,S5
32.726,Telecommunication management; Configuration Management (CM); Repeater network resources Integration Reference Point (IRP); Solution Set (SS) definitions,S5
32.727,Telecommunication management; Configuration Management (CM); Repeater network resources Integration Reference Point (IRP); SOAP Solution Set (SS),S5
32.731,Telecommunication management; IP Multimedia Subsystem (IMS) Network Resource Model (NRM) Integration Reference Point (IRP); Requirements,S5
32.732,Telecommunication management; IP Multimedia Subsystem (IMS) Network Resource Model (NRM) Integration Reference Point (IRP); Information Service (IS),S5
32.733,Telecommunication management; IP Multimedia Subsystem (IMS) Network Resource Model (NRM) Integration Reference Point (IRP); Common Object Request Broker Architecture (CORBA) Solution Set (SS),S5
32.734,Telecommunication management; Service Specific Core Network (CN) IP Multimedia Subsystem (IMS) Network Resource Model (NRM) Integration Reference Point (IRP): Common Management Information Protocol (CMIP) Solution Set (SS),S5
32.735,Telecommunication management; IP Multimedia Subsystem (IMS) Network Resource Model (NRM) Integration Reference Point (IRP); Bulk CM eXtensible Markup Language (XML) file format definition,S5
32.736,Telecommunication management; IP Multimedia Subsystem (IMS) Network Resource Model (NRM) Integration Reference Point (IRP); Solution Set (SS) definitions,S5
32.737,Telecommunication management; IP Multimedia Subsystem (IMS) Network Resource Model (NRM) Integration Reference Point (IRP); SOAP Solution Set (SS),S5
32.741,Telecommunication management; Configuration Management (CM); Signalling Transport Network (STN) interface Network Resource Model (NRM) Integration Reference Point (IRP); Requirements,S5
32.742,Telecommunication management; Configuration Management (CM); Signalling Transport Network (STN) interface Network Resource Model (NRM) Integration Reference Point (IRP); Information Service (IS),S5
32.743,Telecommunication management; Configuration Management (CM); Signalling Transport Network (STN) interface Network Resource Model (NRM) Integration Reference Point (IRP); Common Object Request Broker Architecture (CORBA) Solution Set (SS),S5
32.744,Telecommunication management; Configuration Management (CM); Signalling Transport Network (STN) interface Network Resource Model (NRM) Integration Reference Point (IRP): Common Management Information Protocol (CMIP) Solution Set (SS),S5
32.745,Telecommunication management; Configuration Management (CM); Signalling Transport Network (STN) interface Network Resource Model (NRM) Integration Reference Point (IRP); Bulk CM eXtensible Markup Language (XML) file format definition,S5
32.746,Telecommunication management; Configuration Management (CM); Signalling Transport Network (STN) interface Network Resource Model (NRM) Integration Reference Point (IRP); Solution Set (SS) definitions,S5
32.747,Telecommunication management; Configuration Management (CM); Signalling Transport Network (STN) interface Network Resource Model (NRM) Integration Reference Point (IRP); SOAP Solution Set (SS),S5
32.751,Telecommunication management; Evolved Packet Core (EPC) Network Resource Model (NRM) Integration Reference Point (IRP); Requirements,S5
32.752,Telecommunication management; Evolved Packet Core (EPC) Network Resource Model (NRM) Integration Reference Point (IRP); Information Service (IS),S5
32.753,Telecommunication management; Evolved Packet Core (EPC) Network Resource Model (NRM) Integration Reference Point (IRP); Common Object Request Broker Architecture (CORBA) Solution Set (SS),S5
32.755,Telecommunication management; Evolved Packet Core (EPC) Network Resource Model (NRM) Integration Reference Point (IRP); eXtensible Markup Language (XML) definitions,S5
32.756,Telecommunication management; Evolved Packet Core (EPC) Network Resource Model (NRM) Integration Reference Point (IRP); Solution Set (SS) Definitions,S5
32.761,Telecommunication management; Evolved Universal Terrestrial Radio Access Network (E-UTRAN) Network Resource Model (NRM) Integration Reference Point (IRP); Requirements,S5
32.762,Telecommunication management; Evolved Universal Terrestrial Radio Access Network (E-UTRAN) Network Resource Model (NRM) Integration Reference Point (IRP); Information Service (IS),S5
32.763,Telecommunication management; Evolved Universal Terrestrial Radio Access Network (E-UTRAN) Network Resource Model (NRM) Integration Reference Point (IRP): Common Object Request Broker Architecture (CORBA) Solution Set (SS),S5
32.765,Telecommunication management; Evolved Universal Terrestrial Radio Access Network (E-UTRAN) Network Resource Model (NRM) Integration Reference Point (IRP); eXtensible Markup Language (XML) definitions,S5
32.766,Telecommunication management; Evolved Universal Terrestrial Radio Access Network (E-UTRAN) Network Resource Model (NRM) Integration Reference Point (IRP); Solution Set (SS) definitions,S5
32.771,Telecommunication management; Home Node B (HNB) Subsystem (HNS); Network Resource Model (NRM); Integration Reference Point (IRP); Requirements,S5
32.772,Telecommunication management; Home Node B (HNB) Subsystem (HNS); Network Resource Model (NRM); Integration Reference Point (IRP); Information Service (IS),S5
32.773,Telecommunication management; Home Node B (HNB) Subsystem (HNS); Network Resource Model (NRM); Integration Reference Point (IRP); Common Object Request Broker Architecture (CORBA) Solution Set (SS),S5
32.775,Telecommunication management; Home Node B (HNB) Subsystem (HNS); Network Resource Model (NRM); Integration Reference Point (IRP); eXtensible Markup Language (XML) file format definition,S5
32.776,Telecommunication management; Home Node B (HNB) Subsystem (HNS); Network Resource Model (NRM); Integration Reference Point (IRP); Solution Set (SS) definitions,S5
32.781,Telecommunication management; Home enhanced Node B (HeNB) Subsystem (HeNS); Network Resource Model (NRM); Integration Reference Point (IRP); Requirements,S5
32.782,Telecommunication management; Home enhanced Node B (HeNB) Subsystem (HeNS); Network Resource Model (NRM); Integration Reference Point (IRP): Information Service (IS),S5
32.783,Telecommunication management; Home enhanced Node B (HeNB) Subsystem (HeNS); Network Resource Model (NRM); Integration Reference Point (IRP); Common Object Request Broker Architecture (CORBA) Solution Set (SS),S5
32.785,Telecommunication management; Home enhanced Node B (HeNB) Subsystem (HeNS); Network Resource Model (NRM); Integration Reference Point (IRP); Bulk CM eXtensible Markup Language (XML) file format definition,S5
32.786,Telecommunication management; Home enhanced Node B (HeNB) Subsystem (HeNS); Network Resource Model (NRM); Integration Reference Point (IRP); Solution Set (SS) definitions,S5
32.791,Telecommunication management; Common Radio Access Technology (RAT) Network Resource Model (NRM) Integration Reference Point (IRP); Requirements,S5
32.792,Telecommunication management; Generic Radio Access Network (RAN) Network Resource Model (NRM) Integration Reference Point (IRP); Information Service (IS),S5
32.796,Telecommunication management; Generic Radio Access Network (RAN) Network Resource Model (NRM) Integration Reference Point (IRP); Solution Set (SS) definitions,S5
32.800,Telecommunication management; Management level procedures and interaction with UTRAN,S5
32.801,Performance management,S5
32.802,Telecommunication management; User Equipment Management (UEM) feasibility study,S5
32.803,Telecommunication management; Process guide; Use cases in Unified Modelling Language (UML),S5
32.804,Telecommunication management; Control of Remote Electrical Tilting (RET) antennas; Requirements,S5
32.805,Telecommunication management; Process guide; Backward compatibility recommendations,S5
32.806,Telecommunication management; Application guide for use of Integration Reference Points (IRPs) on peer-to-peer (p2p) interface,S5
32.807,"Telecommunication management; Project scheduling and open issues for SA5, Release 7",S5
32.808,Telecommunication management; Study of Common Profile Storage (CPS) Framework of User Data for network services and management,S5
32.809,Telecommunication management; Feasibility study of XML-based (SOAP/HTTP) IRP solution sets,S5
32.810,Telecommunication management; Information model Integration Reference Point (IRP) Study,S5
32.811,Telecommunication management; Itf-N performance criteria: Requirements,S5
32.812,Telecommunication management; Itf-N Implementation Conformance Statement (ICS) template,S5
32.814,Telecommunication management; UTRAN and GERAN Key Performance Indicators (KPI),S5
32.815,Telecommunication management; Charging management; Online Charging System (OCS) architecture study,S5
32.816,Telecommunication management; Study on management of Evolved Universal Terrestrial Radio Access Network (E-UTRAN) and Evolved Packet Core (EPC),S5
32.817,Study on management of measurement collection in network sharing context,S5
32.818,Telecommunication management; Study on 3GPP SA5 / MTOSI XML harmonization,S5
32.819,Telecommunications management; Element management layer - Operation System Function (E-OSF)  definition,S5
32.820,Telecommunication management; Study on charging management; 3GPP Evolved Packet Core (EPC): Charging aspects,S5
32.821,"Telecommunication management; Study of Self-Organizing Networks (SON) related Operations, Administration and Maintenance (OAM)  for Home Node B (HNB)",S5
32.822,Telecommunication  management; Study on System Maintenance over Itf-N,S5
32.823,Telecommunication management; Self-Organizing Networks (SON); Study on self-healing,S5
32.824,Telecommunication management; Service Oriented Architecture (SOA) Integration Reference Point (IRP) study,S5
32.825,Telecommunication management; Charging management; Rc reference point study,S5
32.826,Telecommunication management; Study on Energy Savings Management (ESM),S5
32.827,Telecommunication management; Integration of device management information with Itf-N,S5
32.828,Telecommunication management; Study on alignment of 3GPP generic Network Resource Model (NRM) Integration Reference Point (IRP) and the TeleManagement Forum (TMF) Shared Information/Data (SID) model,S5
32.829,Telecommunication management; Study on alignment of 3GPP alarm Integration Reference Point (IRP) and TeleManagement Forum (TMF) Interface Program (TIP) fault management,S5
32.830,Telecommunication management; Study on version handling over Itf-N,S5
32.831,Telecommunication management; Study on alignment of 3GPP Performance Management (PM) and TeleManagement Forum (TMF) Interface Program (TIP) Performance Management,S5
32.832,Telecommunication management; Study on alarm correlation and alarm root cause analysis,S5
32.833,Telecommunication management; Study on management of converged networks,S5
32.834,"Study on Operations, Administration and Maintenance (OAM) aspects of inter-Radio-Access-Technology (RAT) energy saving",S5
32.835,Telecommunication management; Study of heterogeneous networks management,S5
32.836,Telecommunication management; Study on Network Management (NM) centralized Coverage and Capacity Optimization (CCO) Self-Organizing Networks (SON) function,S5
32.837,Gap analysis between 3GPP SA5 specifications and Next Generation Mobile Networks (NGMN) Next Generation Operations Requirements (NGCOR),S5
32.838,Telecommunication management; Gap analysis between 3GPP SA5 specifications and NGMN Top Operational Efficiency (OPE) recommendations,S5
32.839,Management Specification Tooling Environment,S5
32.840,Management Specification Testing Recommendations,S5
32.841,Telecommunication management; Study on Wireless Local Area Network (WLAN) management,S5
32.842,Telecommunication management; Study on network management of virtualized networks,S5
32.843,Telecommunication management; Charging management; Study on Inter-Public-Land-Mobile-Network (PLMN) Packet Switched (PS) domain online charging,S5
32.844,Study of charging support of Proximity-based Services (ProSe) direct communication for public safety use,S5
32.845,Charging management; Study on charging aspects of network slicing,S5
32.846,Charging management; Study on charging aspects of Proximity-based Services (ProSe) in 5GS,S5
32.847,Study on Charging Aspects for Network Slicing Phase 2,S5
32.848,Study on Volume based charging aspects for Voice Over LTE (VoLTE),S5
32.849,Study on Charging aspects of Roaming End-to-end scenarios with VoLTE IMS and interconnecting networks,S5
32.850,Study  on determination of completeness of charging information in IMS,S5
32.851,"Telecommunication management; Study on Operations, Administration and Maintenance (OAM) aspects of Network Sharing",S5
32.852,Study on OAM aspects of inter-RAT Energy Saving,S5
32.853,Telecommunication management; Final report from the 3GPP - TM Forum Joint Work Group (JWG) on fault management harmonization,S5
32.854,Telecommunication management; Fixed Mobile Convergence (FMC) 3GPP / TM Forum concrete model relationships and use cases,S5
32.855,Study on OAM support for Licensed Shared Access (LSA),S5
32.856,"Study on Operations, Administration and Maintenance (OAM) support for assessment of energy efficiency in mobile access networks",S5
32.857,Study on management aspects of selected Internet of Things (IoT)-related features,S5
32.858,Usage Monitoring Control OCS enhancement,S5
32.859,Telecommunication management; Study on Alarm Management,S5
32.860,"Telecommunication management; Study on enhancements of Operations, Administration and Maintenance (OAM) aspects of distributed Self-Organizing Networks (SON) functions",S5
32.861,Telecommunication management; Study on application and partitioning of Interface N (Itf-N),S5
32.862,Study on Key Quality Indicators (KQIs) for service experience,S5
32.863,Telecommunication management; Fixed Mobile Convergence (FMC) metadefinitions for measurements and Key Performance Indicators (KPIs),S5
32.864,Telecommunication management;Study on management aspects of virtualized network functions that are part of the New Radio (NR),S5
32.865,"Study on Operations, Administration and Maintenance (OAM) aspects of Self-Organizing Network (SON)  for Active Antenna System (AAS) based deployments",S5
32.866,Telecommunication management;Study on a REST(REpresentational State Transfer)-ful HTTP-based Solution Set (SS),S5
32.867,Telecommunication management;Study on management enhancement of Control and User Plane Split (CUPS) of Evolved Packet Core (EPC) nodes ,S5
32.868,"Telecommunication management;Study on Operations, Administration and Maintenance (OAM) aspects of Long Term Evolution (LTE) and Wireless LAN (WLAN) integration",S5
32.869,Telecommunication management; Charging management; Study on Overload Control for Diameter Charging Applications,S5
32.870,Telecommunication management;Charging management;Study on forward compatibility for 3GPP Diameter charging applications,S5
32.871,Study on policy management for mobile networks based on Network Function Virtualization (NFV) scenarios,S5
32.880,Telecommunication management;Study on implementation for the partitioning of Itf-N,S5
32.899,Telecommunication management; Charging management;Study on charging aspects of 5G system architecture phase 1,S5
32.901,Telecommunication management; Study on User Data Convergence (UDC) information model handling and provisioning: Example use cases,S5
32.972,Telecommunication management;Study on system and functional aspects of energy efficiency in 5G networks,S5
33.102,3G security; Security architecture,S3
33.103,3G security; Integration guidelines,S3
33.105,3G Security; Cryptographic algorithm requirements,S3
33.106,3G security; Lawful interception requirements,S3
33.107,3G security; Lawful interception architecture and functions,S3
33.108,3G security; Handover interface for Lawful Interception (LI),S3
33.109,Bootstrapping of application security using AKA and support for subscriber certificates; System description,S3
33.110,Key establishment between a Universal Integrated Circuit Card (UICC) and a terminal,S3
33.116,Security Assurance Specification (SCAS) for the MME network product class,S3
33.117,Catalogue of general security assurance requirements ,S3
33.120,Security Objectives and Principles,S3
33.122,Security aspects of Common API Framework (CAPIF) for 3GPP northbound APIs,S3
33.126,Lawful Interception requirements,S3
33.127,Lawful Interception (LI) architecture and functions,S3
33.128,Security; Protocol and procedures for Lawful Interception (LI); Stage 3,S3
33.129-1,Security Assurance Specification for 3GPP Lawful Interception Functions; Common Baseline,S3
33.129-2,Security Assurance Specification for 3GPP Lawful Interception Functions; NF Embedded LI Functions,S3
33.141,Presence service; Security,S3
33.163,Battery Efficient Security for very low throughput Machine Type Communication (MTC) devices (BEST),S3
33.178,Security aspects of early IP Multimedia Subsystem (IMS),S3
33.179,Security of Mission Critical Push To Talk (MCPTT) over LTE,S3
33.180,Security of the Mission Critical (MC) service,S3
33.185,Security aspect for LTE support of Vehicle-to-Everything (V2X) services,S3
33.187,Security aspects of Machine-Type Communications (MTC) and other mobile data applications communications enhancements,S3
33.199,Catalogue of General Security Assurance Requirements ,S3
33.200,3G Security; Network Domain Security (NDS); Mobile Application Part (MAP) application layer security,S3
33.201,Access domain security,S3
33.203,3G security; Access security for IP-based services,S3
33.204,3G Security; Network Domain Security (NDS); Transaction Capabilities Application Part (TCAP)  user security,S3
33.210,Network Domain Security (NDS); IP network layer security,S3
33.216,Security Assurance Specification (SCAS) for the evolved Node B (eNB) network product class,S3
33.220,Generic Authentication Architecture (GAA); Generic Bootstrapping Architecture (GBA),S3
33.221,Generic Authentication Architecture (GAA); Support for subscriber certificates,S3
33.222,Generic Authentication Architecture (GAA); Access to network application functions using Hypertext Transfer Protocol over Transport Layer Security (HTTPS),S3
33.223,Generic Authentication Architecture (GAA); Generic Bootstrapping Architecture (GBA) Push function,S3
33.224,Generic Authentication Architecture (GAA); Generic Bootstrapping Architecture (GBA) push layer,S3
33.226,Security assurance for IP Multimedia Subsystem (IMS),S3
33.22U,Security Features,SMG10
33.234,3G security; Wireless Local Area Network (WLAN) interworking security,S3
33.237,Specification of Protection against Unsolicited Communication for IMS (SPUCI),S3
33.246,3G Security; Security of Multimedia Broadcast/Multicast Service (MBMS),S3
33.250,Security assurance specification for the PGW network product class,S3
33.256,Security aspects of Uncrewed Aerial Systems (UAS),S3
33.259,Key establishment between a UICC hosting device and a remote device,S3
33.268,Security aspects of Public Warning System (PWS),S3
33.269,Public Warning System (PWS) security architecture,S3
33.303,Proximity-based Services (ProSe); Security aspects,S3
33.310,Network Domain Security (NDS); Authentication Framework (AF),S3
33.320,Security of Home Node B (HNB) / Home evolved Node B (HeNB),S3
33.326,Security Assurance Specification (SCAS) for the Network Slice-Specific Authentication and Authorization Function (NSSAAF) network product class,S3
33.328,IP Multimedia Subsystem (IMS) media plane security,S3
33.369,Security aspects of ambient IoT services in 5G,S3
33.401,3GPP System Architecture Evolution (SAE); Security architecture,S3
33.402,3GPP System Architecture Evolution (SAE); Security aspects of non-3GPP accesses,S3
33.420,Security enhancements of EGPRS based cellular systems with support for ultra low complexity and low throughput Internet of Things,S3
33.434,Security aspects of Service Enabler Architecture Layer (SEAL) for verticals,S3
33.501,Security architecture and procedures for 5G System,S3
33.502,Security-related events handling,S3
33.503,Security Aspects of Proximity based Services (ProSe) in the 5G System (5GS),S3
33.511,Security Assurance Specification (SCAS) for the next generation Node B (gNodeB) network product class,S3
33.512,5G Security Assurance Specification (SCAS); Access and Mobility management Function (AMF),S3
33.513,5G Security Assurance Specification (SCAS); User Plane Function (UPF),S3
33.514,5G Security Assurance Specification (SCAS) for the Unified Data Management (UDM) network product class,S3
33.515, 5G Security Assurance Specification (SCAS) for the Session Management Function (SMF) network product class,S3
33.516,5G Security Assurance Specification (SCAS) for the Authentication Server Function (AUSF) network product class,S3
33.517,5G Security Assurance Specification (SCAS) for the Security Edge Protection Proxy (SEPP) network product class,S3
33.518,5G Security Assurance Specification (SCAS) for  the Network Repository Function (NRF) network product class,S3
33.519,5G Security Assurance Specification (SCAS) for the Network Exposure Function (NEF) network product class,S3
33.520,Security Assurance Specification (SCAS) for Non-3GPP InterWorking Function (N3IWF),S3
33.521,5G Security Assurance Specification (SCAS);Network Data Analytics Function (NWDAF),S3
33.522,5G Security Assurance Specification (SCAS); Service Communication Proxy (SCP),S3
33.523,5G Security Assurance Specification (SCAS); Split gNB product classes,S3
33.526,Security assurance specification for the Management Function (MnF),S3
33.527,Security Assurance Specification (SCAS) for 3GPP virtualized network products ,S3
33.528,Security Assurance Specification (SCAS) for the Policy Control Function (PCF),S3
33.529,Security Assurance Specification (SCAS) for the Short  Message Service Function (SMSF) network product class,S3
33.530,Security Assurance Specification (SCAS) for the Unified Data Repository (UDR),S3
33.533,Security aspects of ranging based services and sidelink positioning,S3
33.535,Authentication and Key Management for Applications (AKMA) based on 3GPP credentials in the 5G System (5GS),S3
33.536,Security aspects of 3GPP support for advanced Vehicle-to-Everything (V2X) services,S3
33.537,Security Assurance Specification (SCAS) for the Authentication and Key Management for Applications (AKMA) Anchor Function (AAnF),S3
33.545,Security aspects of NR Femto,S3
33.558,Security aspects of enhancement of support for enabling edge applications,S3
33.700-22,Study on security aspects of Common API Framework (CAPIF) Phase3,S3
33.700-28,Study on security aspects of satellite access,S3
33.700-29,Study on security aspects of 5G satellite access in the 5G architecture phase 3,S3
33.700-32,Study on security aspects of user identities and authentication,S3
33.700-41,Study on enabling a cryptographic algorithm transition to 256bits,S3
33.701,Study on mitigations against bidding down Attacks,S3
33.702,Security for mobility over non-3GPP access to avoid full primary authentication,S3
33.703,Study on transitioning to Post Quantum Cryptography (PQC) in 3GPP,S3
33.713,Study on security aspects of Ambient Internet of Things (AIoT) services in 5G,S3
33.721,Study on security aspects of 5G mobile metaverse services,S3
33.727,Lawful Intercept Handling  of Protected Services,S3
33.737,Study on Authentication and Key Management for Applications (AKMA) phase 2,S3
33.738,Study on security aspects of enablers for network automation for the 5G system phase 3,S3
33.739,Study on security enhancement of support for edge computing phase 2,S3
33.740,Study on security aspects of Proximity Based Services (ProSe) in 5G System (5GS) phase 2,S3
33.741,Study on home network triggered primary authentication,S3
33.742,5G Security Assurance Specification (SCAS); Split gNB product classes,S3
33.743,Study on Security Aspects of Enhancement for Proximity-based Services (ProSe) in the 5G System (5GS) phase 3,S3
33.745,Study on security aspects of 5G Next Radio (NR) Femto,S3
33.749,Study on security aspects of enhancement of support for edge computing in the 5G Core (5GC) phase 3,S3
33.754,"Study on security aspects for multi-access(DualSteer +Access Traffic Steering, Switch and Splitting support in the 5G system architecture phase 4 (ATSSS Ph-4)",S3
33.757,Study on security for a PLMN hosting a Non-Public Network (NPN),S3
33.759,Study on security enhancements of Uncrewed Aerial Systems (UAS) Phase 3,S3
33.766,Study on security aspects of energy savings in 5G,S3
33.769,Feasibility Study on Security Aspects of Machine-Type Communications Enhancements to facilitate communications with Packet Data Networks and Applications,S3
33.776,Study of Automatic Certificate Management Environment (ACME) for the Service Based Architecture (SBA),S3
33.784,Study on security aspects of core network enhanced support for Artificial Intelligence/Machine Learning (AI/ML),S3
33.790,Study on the security support for the next generation real time communication services phase 2,S3
33.794,Study on enablers for Zero Trust Security,S3
33.800,Principles for Network Domain Security,S3
33.801,Access security review,S3
33.802,Feasibility study on IMS security extensions,S3
33.803,Coexistence between TISPAN and 3GPP authentication schemes,S3
33.804,Single Sign On (SSO) application security for Common IP Multimedia Subsystem (IMS) based on Session Initiation Protocol (SIP) Digest,S3
33.805,Study on security assurance methodology for 3GPP network products,S3
33.806,Pilot development of Security Assurance Specification for MME Network Product class  for 3GPP network product classes,S3
33.807,Study on the security of the wireless and wireline convergence for the 5G system architecture  ,S3
33.808,KDF negotiation for 5GS security – phase2,S3
33.809,Study on 5G security enhancements against False Base Stations (FBS),S3
33.810,3G Security; Network Domain Security / Authentication Framework (NDS/AF); Feasibility Study to support NDS/IP evolution,S3
33.811,Study on security aspects of 5G network slicing management,S3
33.812,Feasibility study on the security aspects of remote provisioning and change of subscription for Machine to Machine (M2M) equipment,S3
33.813,Study on security aspects of network slicing enhancement,S3
33.814,Study on the security of the enhancement to the 5G Core (5GC) location services,S3
33.815,Study on security aspects of Provision of Access to Restricted Local Operator Services by Unauthenticated UEs (PARLOS),S3
33.816,Feasibility study on LTE relay node security,S3
33.817,Feasibility study on (Universal) Subscriber Interface Module (U)SIM security reuse by peripheral devices on local interfaces,S3
33.818,Security Assurance Methodology (SECAM) and Security Assurance Specification (SCAS) for 3GPP virtualized network products,S3
33.819,Study on security enhancements of 5G System (5GS) for vertical and Local Area Network (LAN) services,S3
33.820,Security of Home Node B (HNB) / Home evolved Node B (HeNB),S3
33.821,Rationale and track of security decisions in Long Term Evolution (LTE) RAN / 3GPP System Architecture Evolution (SAE),S3
33.822,Security aspects for inter-access mobility between non 3GPP and 3GPP access network,S3
33.823,Security for usage of Generic Bootstrapping Architecture (GBA) with a User Equipment (UE) browser,S3
33.824,Study on Security for Next Radio (NR) Integrated Access and Backhaul (IAB),S3
33.825,Study on the security of Ultra-Reliable Low-Latency Communication (URLLC) for the 5G System (5GS),S3
33.826,Study on Lawful Interception Service Evolution,S3
33.827,Study on providing for Lawful Interception (LI) in the S8 Home Routeing (S8HR) architecture for Voice over LTE (VoLTE),S3
33.828,IP Multimedia Subsystem (IMS) media plane security,S3
33.829,Extended IP Multimedia Subsystem (IMS) media plane security features,S3
33.830,Feasibility study on IMS firewall traversal,S3
33.831,Study on security on spoofed call detection and prevention (Stage 2),S3
33.832,Study on IMS Enhanced Spoofed Call Prevention and Detection,S3
33.833,Study on security issues to support Proximity Services (ProSe),S3
33.834,Study on Long Term Key Update Procedures (LTKUP),S3
33.835,Study on authentication and key management for applications based on 3GPP credential in 5G,S3
33.836,Study on security aspects of 3GPP support  for advanced Vehicle-to-Everything (V2X) services,S3
33.837,Study of mechanisms for Protection against Unsolicited Communication for IMS (PUCI),S3
33.838,Study on Protection against Unsolicited Communication for IMS (PUCI),S3
33.839,Study on security aspects of enhancement of support for edge computing in the 5G Core (5GC),S3
33.840,Study on security aspects of the disaggregated gNB architecture,S3
33.841,Study on the support of 256-bit algorithms for 5G,S3
33.842,Study on Lawful Interception (LI) service in 5G,S3
33.843,Study on security architecture enhancements to Proximity Services (ProSe) User Equipment (UE)-to-network relay,S3
33.844,Security Study on IP Multimedia Subsystem (IMS) based peer-to-peer content distribution services; Stage 2,S3
33.845,Study on storage and transport of 5G Core (5GC) security parameters for Authentication Credential Repository Processing Function (ARPF) authentication,S3
33.846,Study on authentication enhancements in the 5G System (5GS),S3
33.847,Study on security aspects of enhancement for proximity based services in the 5G System (5GS),S3
33.848,Study on security impacts of virtualisation,S3
33.849,Study on subscriber privacy impact in 3GPP,S3
33.850,Study on security aspects of enhancements for 5G Multicast-Broadcast Services (MBS),S3
33.851,Study on security for enhanced support of Industrial Internet of Things (IIoT),S3
33.852,Study on traffic characteristics and performance requirements for AI/ML model transfer in 5G Systems (5GS),S1
33.853,Study on key issues and potential solutions for integrity protection of the User Plane (UP),S3
33.854,Study on security aspects of Uncrewed Aerial Systems (UAS),S3
33.855,Study on security aspects of the 5G Service Based Architecture (SBA),S3
33.856,Study on security aspects of single radio voice continuity from 5G to UTRAN,S3
33.857,Study on enhanced security support for Non-Public Networks (NPN),S3
33.858,Study on security aspects of enhanced support of Non-Public Networks (NPN) phase 2,S3
33.859,Study on the Introduction of Key Hierarchy in Universal Terrestrial Radio Access Network (UTRAN),S3
33.860,Study on Enhanced General Packet Radio Service (EGPRS) access security enhancements with relation to cellular Internet of Things (IoT),S3
33.861,Study on evolution of Cellular Internet of Things (CIoT) security for the 5G System,S3
33.862,Study on security aspects of the Message Service for MIoT over the 5G System (MSGin5G),S3
33.863,Study on battery efficient security for very low throughput Machine Type Communication (MTC) devices,S3
33.864,Study on the security of Access and Mobility Management Function (AMF) re-allocation,S3
33.865,Security Aspects of WLAN Network Selection for 3GPP Terminals,S3
33.866,Study on security aspects of enablers for Network Automation (eNA) for the 5G system (5GS) Phase 2,S3
33.867,Study on user consent for 3GPP services,S3
33.868,Study on security aspects of Machine-Type Communications (MTC) and other mobile data applications communications enhancements,S3
33.869,Security aspects of Public Warning System (PWS),S3
33.870,Study of privacy of identifiers over radio access,S3
33.871,Study on security for Web Real Time Communications (WebRTC) IP Multimedia Subsystem (IMS) client access to IMS,S3
33.872,Study on security enhancements to Web Real Time Communication (WebRTC) access to IP Multimedia Subsystem (IMS),S3
33.873,Study on the security of the system enablers for devices having Multiple Universal Subscriber Identity Modules (MUSIM),S3
33.874,Study on enhanced security for network slicing phase 2,S3
33.875,Study on enhanced security aspects of the 5G Service Based Architecture (SBA),S3
33.876,Study on automated certificate management in Service-Based Architecture (SBA),S3
33.877,Study on the security aspects of Artificial Intelligence (AI)/Machine Learning (ML) for the Next Generation Radio Access Network (NG-RAN),S3
33.878,Security aspects of early IMS,S3
33.879,Study on security enhancements for Mission Critical Push To Talk (MCPTT) over LTE,S3
33.880,Study on mission critical security enhancements,S3
33.881,Study on Non-Seamless WLAN Offload (NSWO) in 5G System (5GS) using 3GPP credentials,S3
33.882,Study on personal Internet of Things (IoT) networks security aspects,S3
33.883,Study on security enhancements for 5G multicast-broadcast services phase 2,S3
33.884,Study on security of application enablement aspects for subscriber-aware northbound API access,S3
33.885,Study on security aspects for LTE support of Vehicle-to-Everything (V2X) services,S3
33.886,Study on enhanced security for network slicing phase 3,S3
33.887,Study on security aspects for support for 5G Wireless and Wireline Convergence (5WWC) phase 2,S3
33.888,Study on security issues to support Group Communication System Enablers (GCSE) for LTE,S3
33.889,Study on security aspects of Machine-Type Communications (MTC) architecture and feature enhancements,S3
33.890,Study on security support for next generation real time communication services,S3
33.891,"Study on security of phase 2 for Uncrewed Aerial System (UAS), Uncrewed Aerial Vehicle (UAV) and Urban Air Mobility (UAM)",S3
33.892,Study on UE Route Selection Policy (URSP) rules to securely identify applications,S3
33.893,Study on security aspects of ranging-based services and sidelink positioning,S3
33.894,Study on applicability of the zero trust security principles in mobile networks,S3
33.895,Study on Security aspects of integration of Single Sign-On (SSO) frameworks with 3GPP operator-controlled resources and mechanisms,S3
33.896,Study of security aspects on user consent for 3GPP services phase 2,S3
33.897,Study on isolated E-UTRAN operation for public safety; Security aspects,S3
33.898,Study on security and privacy of Artificial Intelligence/Machine Learning (AI/ML)-based services and applications in 5G ,S3
33.899,Study on the security aspects of the next generation system,S3
33.900,Guide to 3G security,S3
33.901,Criteria for cryptographic Algorithm design process,S3
33.902,Formal Analysis of the 3G Authentication Protocol,S3
33.903,Access Security for IP based services,S3
33.904,Report on the Evaluation of 3GPP Standard Confidentiality and Integrity Algorithms,S3
33.905,Recommendations for Trusted Open Platforms,S3
33.908,"3G Security; General report on the design, specification and evaluation of 3GPP standard confidentiality and integrity algorithms",S3
33.909,3G Security; Report on the design and evaluation of the MILENAGE algorithm set; Deliverable 5: An example algorithm for the 3GPP authentication and key generation functions,S3
33.910,3G Security; Network Domain Security / Authentication Framework (NDS/AF); Feasibility Study to support NDS/IP evolution,S3
33.914,Single Sign On (SSO) application security for common IP Multimedia Subsystem (IMS) based on SIP Digest,S3
33.916,Security Assurance Methodology (SECAM) for 3GPP network products,S3
33.917,(Universal) Subscriber Interface Module (U)SIM security reuse by peripheral devices on local interfaces,S3
33.918,Generic Authentication Architecture (GAA); Early implementation of Hypertext Transfer Protocol over Transport Layer Security (HTTPS) connection between a Universal Integrated Circuit Card (UICC) and a Network Application Function (NAF),S3
33.919,3G Security; Generic Authentication Architecture (GAA); System description,S3
33.920,SIM card based Generic Bootstrapping Architecture (GBA); Early implementation feature,S3
33.922,Security aspects for inter-access mobility between non 3GPP and 3GPP access network,S3
33.923,Generic Authentication Architecture (GAA); Generic Bootstrapping Architecture (GBA) Push function,S3
33.924,Identity management and 3GPP security interworking; Identity management and Generic Authentication Architecture (GAA) interworking,S3
33.926,Security Assurance Specification (SCAS) threats and critical assets  in 3GPP network product classes,S3
33.927,Security Assurance Specification (SCAS); threats and critical assets in 3GPP virtualized network product classes,S3
33.928,ADMF logic for provisioning Lawful Interception (LI),S3
33.929,Lawful Interception (LI) implementation guidance,S3
33.929-1,Lawful Interception (LI) implementation guidance; LI for IMS based services,S3
33.929-2,Lawful Interception (LI) implementation guidance; LI for IMS based STIR/SHAKEN,S3
33.929-3,Lawful Interception (LI) implementation guidance; LI for messaging services,S3
33.929-4,Lawful Interception (LI) implementation guidance; LI for data in 5G core,S3
33.929-5,Lawful Interception (LI) implementation guidance; LI for ID association caching,S3
33.929-6,Lawful Interception (LI) implementation guidance; LI for IMS based RCS,S3
33.929-7,Lawful Interception (LI) implementation guidance; LI location acquisition capabilities,S3
33.929-8,Lawful Interception (LI) implementation guidance; LI for MMS,S3
33.929-9,Lawful Interception (LI) implementation guidance; LI for PTC,S3
33.935,Study on detailed Long Term Key Update Process (LTKUP) detailed solutions,S3
33.936,Security Assurance Methodology (SECAM) for 3GPP virtualized network products,S3
33.937,Study of mechanisms for Protection against Unsolicited Communication for IMS (PUCI),S3
33.938,3GPP Cryptographic Inventory,S3
33.941,Presence service; Security,S3
33.969,Study on security aspects of Public Warning System (PWS),S3
33.978,Security aspects of early IP Multimedia Subsystem (IMS),S3
33.980,"Liberty Alliance and 3GPP security interworking; Interworking of Liberty Alliance Identity Federation Framework (ID-FF), Identity Web Services Framework (ID-WSF) and Generic Authentication Architecture (GAA)",S3
33.995,Study on security aspects of integration of Single Sign-On (SSO) frameworks with 3GPP operator-controlled resources and mechanisms,S3
33.997,Study on isolated E-UTRAN operation for public safety; Security aspects,S3
34.01U,Application integration and application programming interfaces,SP
34.108,Common test environments for User Equipment (UE); Conformance testing,R5
34.109,Terminal logical test interface; Special conformance testing functions,R2
34.114,User Equipment (UE) / Mobile Station (MS) Over The Air (OTA) antenna performance; Conformance testing,R5
34.121,"Terminal conformance specification, Radio transmission and reception (FDD)",R5
34.121-1,User Equipment (UE) conformance specification; Radio transmission and reception (FDD); Part 1: Conformance specification,R5
34.121-2,User Equipment (UE) conformance specification; Radio transmission and reception (FDD); Part 2: Implementation Conformance Statement (ICS),R5
34.122,Terminal conformance specification; Radio transmission and reception (TDD),R5
34.123-1,User Equipment (UE) conformance specification; Part 1: Protocol conformance specification,R5
34.123-2,User Equipment (UE) conformance specification; Part 2: Implementation conformance statement (ICS) proforma specification,R5
34.123-3,User Equipment (UE) conformance specification; Part 3: Abstract test suite (ATS),R5
34.124,Electromagnetic compatibility (EMC) requirements for mobile terminals and ancillary equipment,R4
34.131,Test Specification for C-language binding to (Universal) Subscriber Interface Module ((U)SIM) Application Programming Interface (API),C6
34.171,Terminal conformance specification; Assisted Global Positioning System (A-GPS); Frequency Division Duplex (FDD),R5
34.172,Terminal conformance specification; Assisted Global Navigation Satellite Systems (A-GNSS); Frequency Division Duplex (FDD),R5
34.229-1,Internet Protocol (IP) multimedia call control protocol based on Session Initiation Protocol (SIP) and Session Description Protocol (SDP); User Equipment (UE) conformance specification; Part 1: Protocol conformance specification,R5
34.229-2,Internet Protocol (IP) multimedia call control protocol based on Session Initiation Protocol (SIP) and Session Description Protocol (SDP); User Equipment (UE) conformance specification; Part 2: Implementation Conformance Statement (ICS) specification,R5
34.229-3,Internet Protocol (IP) multimedia call control protocol based on Session Initiation Protocol (SIP) and Session Description Protocol (SDP); User Equipment (UE) conformance specification; Part 3: Abstract test suite (ATS),R5
34.229-4,Internet Protocol (IP) multimedia call control protocol based on Session Initiation Protocol (SIP) and Session Description Protocol (SDP); User Equipment (UE) conformance specification; Part 4: Enabler for IP multimedia applications testing,R5
34.229-5,Internet Protocol (IP) multimedia call control protocol based on Session Initiation Protocol (SIP) and Session Description Protocol (SDP); User Equipment (UE) conformance specification; Part 5: Protocol conformance specification using 5G System (5GS),R5
34.801,(reserved for T1 RF group),T1
34.901,Test Time Optimisation based on statistical approaches; Statistical theory applied and evaluation of statistical significance,R5
34.902,Derivation of test tolerances for multi-cell Radio Resource Management (RRM) conformance tests,R5
34.907,Report on electrical safety requirements and regulations,R4
34.910,Identification of test requirements for regulatory purposes in different regions/countries,R5
34.925,Specific Absorption Rate (SAR) requirements and regulations in different regions,R4
34.926,Electromagnetic compatibility (EMC); Table of international requirements for mobile terminals and ancillary equipment,R4
34.943,Analysis of difference between FDD and 1.28 Mcps TDD and corresponding effect on terminal conformance test in radio access stratum protocol aspects,R5
35.10U,UMTS Terminal aspects; Man Machine Interface (MMI),SP
35.201,3G Security; Specification of the 3GPP confidentiality and integrity algorithms; Document 1: f8 and f9 specification,S3
35.202,3G Security; Specification of the 3GPP confidentiality and integrity algorithms; Document 2: Kasumi  specification,S3
35.203,3G Security; Specification of the 3GPP confidentiality and integrity algorithms; Document 3: Implementors' test data,S3
35.204,3G Security; Specification of the 3GPP confidentiality and integrity algorithms; Document 4: Design conformance test data,S3
35.205,"3G Security; Specification of the MILENAGE algorithm set: An example algorithm set for the 3GPP authentication and key generation functions f1, f1*, f2, f3, f4, f5 and f5*; Document 1: General",S3
35.206,"3G Security; Specification of the MILENAGE algorithm set: An example algorithm set for the 3GPP authentication and key generation functions f1, f1*, f2, f3, f4, f5 and f5*; Document 2: Algorithm specification",S3
35.207,"3G Security; Specification of the MILENAGE algorithm set: An example algorithm set for the 3GPP authentication and key generation functions f1, f1*, f2, f3, f4, f5 and f5*; Document 3: Implementors' test data",S3
35.208,"3G Security; Specification of the MILENAGE algorithm set: An example algorithm set for the 3GPP authentication and key generation functions f1, f1*, f2, f3, f4, f5 and f5*; Document 4: Design conformance test data",S3
35.209,"3G Security; Specification of the MILENAGE algorithm set: An example algorithm set for the 3GPP authentication and key generation functions f1, f1*, f2, f3, f4, f5 and f5*; Document 5: Summary and results of design and evaluation",S3
35.215,Specification of the 3GPP Confidentiality and Integrity Algorithms UEA2 & UIA2; Document 1: UEA2 and UIA2 specifications,S3
35.216,Specification of the 3GPP Confidentiality and Integrity Algorithms UEA2 & UIA2; Document 2: SNOW 3G specification,S3
35.217,Specification of the 3GPP Confidentiality and Integrity Algorithms UEA2 & UIA2; Document 3: Implementors' test data,S3
35.218,Specification of the 3GPP Confidentiality and Integrity Algorithms UEA2 & UIA2; Document 4: Design conformance test data,S3
35.221,Specification of the 3GPP Confidentiality and Integrity Algorithms EEA3 & EIA3; Document 1: EEA3 and EIA3 specifications,S3
35.222,Specification of the 3GPP Confidentiality and Integrity Algorithms EEA3 & EIA3; Document 2: ZUC specification,S3
35.223,Specification of the 3GPP Confidentiality and Integrity Algorithms EEA3 & EIA3; Document 3: Implementors' test data,S3
35.231,"Specification of the TUAK algorithm set: A second example algorithm set for the 3GPP authentication and key generation functions f1, f1*, f2, f3, f4, f5 and f5*; Document 1: Algorithm specification",S3
35.232,"Specification of the TUAK algorithm set: A second example algorithm set for the 3GPP authentication and key generation functions f1, f1*, f2, f3, f4, f5 and f5*; Document 2: Implementers’ test data",S3
35.233,"Specification of the TUAK algorithm set: A second example algorithm set for the 3GPP authentication and key generation functions f1, f1*, f2, f3, f4, f5 and f5*; Document 3: Design conformance test data",S3
35.234,"Specification of the MILENAGE-256 algorithm set; An example set of 256-bit 3GPP authentication and key generation functions f1, f1*, f2, f3, f4, f5, f5* and f5**; Document 1: General",S3
35.235,"Specification of the MILENAGE-256 algorithm set; An example set of 256-bit 3GPP authentication and key generation functions f1, f1*, f2, f3, f4, f5, f5* and f5**; Document 2: algorithm specification",S3
35.236,"Specification of the MILENAGE-256 algorithm set; An example set of 256-bit 3GPP authentication and key generation functions f1, f1*, f2, f3, f4, f5, f5* and f5**; Document 3: Implementors’ test data and design conformance test data",S3
35.237,"Specification of the MILENAGE-256 algorithm set: An example set of 256-bit 3GPP Authentication and Key Generation functions f1, f1*, f2, f3, f4, f5, f5* and f5**; Document 4: Summary and Results of Design and Evaluation",S3
35.240,"Specification of the Snow 5G based 256-bits algorithm set: specification of the 256-NEA4 encryption, the 256-NIA4 integrity, and the 256-NCA4 authenticated encryption algorithm for 5G; Document 1: algorithm specification",S3
35.241,"Specification of the Snow 5G based 256-bits algorithm set: Specification of the 256-NEA4 encryption, the 256-NIA4 integrity algorithm, and the 256-NCA4 authenticated encryption algorithm for 5G; Document 2: implementation test data",S3
35.242,"Specification of the Snow 5G based 256-bits algorithm set: Specification of the 256-NEA4 encryption, the 256-NIA4 integrity, and the 256-NCA4 authenticated encryption algorithm for 5G; Document 3: design conformance test data",S3
35.243,"Specification of the AES based 256-bits algorithm set: Specification of the 256-NEA5 encryption, the 256-NIA5 integrity, and the 256-NCA5 authenticated encryption algorithm for 5G; Document 1: algorithm specification",S3
35.244,"Specification of the AES based 256-bits algorithm set: Specification of the 256-NEA5 encryption, the 256-NIA5 integrity, and the 256-NCA5 authenticated encryption algorithm for 5G; Document 2: implementation test data",S3
35.245,"Specification of the AES based 256-bits algorithm set: Specification of the 256-NEA5 encryption, the 256-NIA5 integrity, and the 256-NCA5 authenticated encryption algorithm for 5G; Document 3: design conformance test data",S3
35.246,"Specification of the ZUC based 256-bits algorithm set: Specification of the 256-NEA6 encryption, the 256-NIA6 integrity, and the 256-NCA6 authenticated encryption algorithm for 5G; Document 1: algorithm specification",S3
35.247,"Specification of the ZUC based 256-bits algorithm set: Specification of the 256-NEA6 encryption, the 256-NIA6 integrity, and the 256-NCA6 authenticated encryption algorithm for 5G; Document 2: implementation test data",S3
35.248,"Specification of the ZUC based 256-bits algorithm set: Specification of the 256-NEA6 encryption, the 256-NIA6 integrity, and the 256-NCA6 authenticated encryption algorithm for 5G; Document 3: design conformance test data",S3
35.249,Specification of an example algorithm for f5** function for MILENAGE and Tuak; Algorithm specification and test data,S3
35.909,"3G Security; Specification of the MILENAGE algorithm set: an example algorithm set for the 3GPP authentication and key generation functions f1, f1*, f2, f3, f4, f5 and f5*; Document 5: Summary and results of design and evaluation",S3
35.919,Specification of the 3GPP Confidentiality and Integrity Algorithms UEA2 & UIA2; Document 5: Design and evaluation report,S3
35.924,Specification of the 3GPP Confidentiality and Integrity Algorithms EEA3 & EIA3; Document 4: Design and Evaluation Report,S3
35.934,"Specification of the TUAK algorithm set: A second example algorithm set for the 3GPP authentication and key generation functions f1, f1*, f2, f3, f4, f5 and f5*; Document 4: Report on the design and evaluation",S3
35.935,"Specification of the TUAK algorithm set: A second example algorithm set for the 3GPP authentication and key generation functions f1, f1*, f2, f3, f4, f5 and f5*; Document 5: Performance evaluation",S3
35.936,"Specification of the TUAK algorithm set: A second example algorithm set for the 3GPP authentication and key generation functions f1, f1*, f2 ,f3, f4, f5 and f5*; Document 6: Security assessment",S3
35.937,"Specification of the MILENAGE-256 algorithm set; An example set of 256-bit 3GPP authentication and key generation functions f1, f1*, f2, f3, f4, f5, f5* and f5**; Document 4: summary and results of design and evaluation",S3
36.101,Evolved Universal Terrestrial Radio Access (E-UTRA); User Equipment (UE) radio transmission and reception,R4
36.102,Evolved Universal Terrestrial Radio Access (E-UTRA); User Equipment (UE) radio transmission and reception for satellite access,R4
36.104,Evolved Universal Terrestrial Radio Access (E-UTRA); Base Station (BS) radio transmission and reception,R4
36.106,Evolved Universal Terrestrial Radio Access (E-UTRA); FDD repeater radio transmission and reception,R4
36.108,Evolved Universal Terrestrial Radio Access (E-UTRA); Satellite Access Node radio transmission and reception,R4
36.111,Location Measurement Unit (LMU) performance specification;  Network based positioning systems in Evolved Universal Terrestrial Radio Access Network (E-UTRAN),R4
36.112,Location Measurement Unit (LMU) conformance specification;  Network based positioning systems in Evolved Universal Terrestrial Radio Access Network (E-UTRAN),R4
36.113,Evolved Universal Terrestrial Radio Access (E-UTRA); Base Station (BS) and repeater ElectroMagnetic Compatibility (EMC),R4
36.116,Evolved Universal Terrestrial Radio Access (E-UTRA); Relay radio transmission and reception,R4
36.117,Evolved Universal Terrestrial Radio Access (E-UTRA); Relay conformance testing,R4
36.124,Evolved Universal Terrestrial Radio Access (E-UTRA); Electromagnetic compatibility (EMC) requirements for mobile terminals and ancillary equipment,R4
36.133,Evolved Universal Terrestrial Radio Access (E-UTRA); Requirements for support of radio resource management,R4
36.141,Evolved Universal Terrestrial Radio Access (E-UTRA); Base Station (BS) conformance testing,R4
36.143,Evolved Universal Terrestrial Radio Access (E-UTRA); FDD repeater conformance testing,R4
36.171,Evolved Universal Terrestrial Radio Access (E-UTRA); Requirements for Support of Assisted Global Navigation Satellite System (A-GNSS),R4
36.176,Enhanced CRS and 4Rx SU-MIMO Interference Mitigation Performance Requirements for LTE,R4
36.181,Evolved Universal Terrestrial Radio Access (E-UTRA); Satellite Access Node conformance testing,R4
36.201,Evolved Universal Terrestrial Radio Access (E-UTRA); LTE physical layer; General description,R1
36.211,Evolved Universal Terrestrial Radio Access (E-UTRA); Physical channels and modulation,R1
36.212,Evolved Universal Terrestrial Radio Access (E-UTRA); Multiplexing and channel coding,R1
36.213,Evolved Universal Terrestrial Radio Access (E-UTRA); Physical layer procedures,R1
36.214,Evolved Universal Terrestrial Radio Access (E-UTRA); Physical layer; Measurements,R1
36.216,Evolved Universal Terrestrial Radio Access (E-UTRA); Physical layer for relaying operation,R1
36.276,Overall description of LTE-based 5G broadcast,R1
36.300,Evolved Universal Terrestrial Radio Access (E-UTRA) and Evolved Universal Terrestrial Radio Access Network (E-UTRAN); Overall description; Stage 2,R2
36.302,Evolved Universal Terrestrial Radio Access (E-UTRA); Services provided by the physical layer,R2
36.304,Evolved Universal Terrestrial Radio Access (E-UTRA); User Equipment (UE) procedures in idle mode,R2
36.305,Evolved Universal Terrestrial Radio Access Network (E-UTRAN); Stage 2 functional specification of User Equipment (UE) positioning in E-UTRAN,R2
36.306,Evolved Universal Terrestrial Radio Access (E-UTRA); User Equipment (UE) radio access capabilities,R2
36.307,Evolved Universal Terrestrial Radio Access (E-UTRA); Requirements on User Equipments (UEs) supporting a release-independent frequency band,R4
36.314,Evolved Universal Terrestrial Radio Access  (E-UTRA); Layer 2 - Measurements,R2
36.321,Evolved Universal Terrestrial Radio Access (E-UTRA); Medium Access Control (MAC) protocol specification,R2
36.322,Evolved Universal Terrestrial Radio Access (E-UTRA); Radio Link Control (RLC) protocol specification,R2
36.323,Evolved Universal Terrestrial Radio Access (E-UTRA); Packet Data Convergence Protocol (PDCP) specification,R2
36.331,Evolved Universal Terrestrial Radio Access (E-UTRA); Radio Resource Control (RRC); Protocol specification,R2
36.355,Evolved Universal Terrestrial Radio Access (E-UTRA); LTE Positioning Protocol (LPP),R2
36.360,Evolved Universal Terrestrial Radio Access (E-UTRA); LTE-WLAN Aggregation Adaptation Protocol (LWAAP) specification,R2
36.361,Evolved Universal Terrestrial Radio Access (E-UTRA); LTE-WLAN Radio Level Integration Using Ipsec Tunnel  (LWIP) encapsulation; Protocol specification,R2
36.401,Evolved Universal Terrestrial Radio Access Network (E-UTRAN); Architecture description,R3
36.410,Evolved Universal Terrestrial Radio Access Network (E-UTRAN); S1 general aspects and principles,R3
36.411,Evolved Universal Terrestrial Radio Access Network (E-UTRAN); S1 layer 1,R3
36.412,Evolved Universal Terrestrial Radio Access Network (E-UTRAN); S1 signalling transport,R3
36.413,Evolved Universal Terrestrial Radio Access Network (E-UTRAN); S1 Application Protocol (S1AP),R3
36.414,Evolved Universal Terrestrial Radio Access Network (E-UTRAN); S1 data transport,R3
36.416,Mobile Relay for E-UTRA,R3
36.420,Evolved Universal Terrestrial Radio Access Network (E-UTRAN); X2 general aspects and principles,R3
36.421,Evolved Universal Terrestrial Radio Access Network (E-UTRAN); X2 layer 1,R3
36.422,Evolved Universal Terrestrial Radio Access Network (E-UTRAN); X2 signalling transport,R3
36.423,Evolved Universal Terrestrial Radio Access Network (E-UTRAN); X2 Application Protocol (X2AP),R3
36.424,Evolved Universal Terrestrial Radio Access Network (E-UTRAN); X2 data transport,R3
36.425,Evolved Universal Terrestrial Radio Access Network (E-UTRAN); X2 interface user plane protocol,R3
36.440,Evolved Universal Terrestrial Radio Access Network (E-UTRAN); General aspects and principles for interfaces supporting Multimedia Broadcast Multicast Service (MBMS) within E-UTRAN,R3
36.441,Evolved Universal Terrestrial Radio Access Network (E-UTRAN); Layer 1 for interfaces supporting Multimedia Broadcast Multicast Service (MBMS) within E-UTRAN,R3
36.442,Evolved Universal Terrestrial Radio Access Network (E-UTRAN); Signalling Transport for interfaces supporting Multimedia Broadcast Multicast Service (MBMS) within E-UTRAN,R3
36.443,Evolved Universal Terrestrial Radio Access Network (E-UTRAN); M2 Application Protocol (M2AP),R3
36.444,Evolved Universal Terrestrial Radio Access Network (E-UTRAN); M3 Application Protocol (M3AP),R3
36.445,Evolved Universal Terrestrial Radio Access Network (E-UTRAN); M1 data transport,R3
36.446,Evolved Universal Terrestrial Radio Access Network (E-UTRAN); M1 User Plane protocol,R3
36.455,Evolved Universal Terrestrial Radio Access (E-UTRA); LTE Positioning Protocol A (LPPa),R3
36.456,Evolved Universal Terrestrial Radio Access Network (E-UTRAN); SLm interface general aspects and principles,R3
36.457,Evolved Universal Terrestrial Radio Access Network (E-UTRAN); SLm interface layer 1,R3
36.458,Evolved Universal Terrestrial Radio Access Network (E-UTRAN); SLm interface signalling transport,R3
36.459,Evolved Universal Terrestrial Radio Access Network (E-UTRAN); SLm interface Application Protocol (SLmAP),R3
36.461,Evolved Universal Terrestrial Radio Access Network (E-UTRAN) and Wireless LAN (WLAN); Xw layer 1,R3
36.462,Evolved Universal Terrestrial Radio Access Network (E-UTRAN) and Wireless LAN (WLAN); Xw signalling transport,R3
36.463,Evolved Universal Terrestrial Radio Access Network (E-UTRAN) and Wireless Local Area Network (WLAN); Xw application protocol (XwAP),R3
36.464,Evolved Universal Terrestrial Radio Access Network (E-UTRAN) and Wireless Local Area Network (WLAN); Xw data transport,R3
36.465,Evolved Universal Terrestrial Radio Access Network (E-UTRAN) and Wireless Local Area Network (WLAN); Xw interface user plane protocol,R3
36.508,Evolved Universal Terrestrial Radio Access (E-UTRA) and Evolved Packet Core (EPC); Common test environments for User Equipment (UE) conformance testing,R5
36.509,Evolved Universal Terrestrial Radio Access (E-UTRA) and Evolved Packet Core (EPC); Special conformance testing functions for User Equipment (UE),R5
36.521-1,Evolved Universal Terrestrial Radio Access (E-UTRA); User Equipment (UE) conformance specification; Radio transmission and reception; Part 1: Conformance testing,R5
36.521-2,Evolved Universal Terrestrial Radio Access (E-UTRA); User Equipment (UE) conformance specification; Radio transmission and reception; Part 2: Implementation Conformance Statement (ICS),R5
36.521-3,Evolved Universal Terrestrial Radio Access (E-UTRA); User Equipment (UE) conformance specification; Radio transmission and reception; Part 3: Radio Resource Management (RRM) conformance testing,R5
36.521-4,Evolved Universal Terrestrial Radio Access (E-UTRA); User Equipment (UE) conformance specification; Radio transmission and reception; Part 4: Satellite access Radio Frequency (RF) and performance Conformance Testing,R5
36.523-1,Evolved Universal Terrestrial Radio Access (E-UTRA) and Evolved Packet Core (EPC); User Equipment (UE) conformance specification; Part 1: Protocol conformance specification,R5
36.523-2,Evolved Universal Terrestrial Radio Access (E-UTRA) and Evolved Packet Core (EPC); User Equipment (UE) conformance specification; Part 2: Implementation Conformance Statement (ICS) proforma specification,R5
36.523-3,Evolved Universal Terrestrial Radio Access (E-UTRA) and Evolved Packet Core (EPC); User Equipment (UE) conformance specification; Part 3: Test suites,R5
36.571-1,Evolved Universal Terrestrial Radio Access (E-UTRA); User Equipment (UE) conformance specification; UE positioning in E-UTRA; Part 1: Minimum Performance conformance,R5
36.571-2,Evolved Universal Terrestrial Radio Access (E-UTRA); User Equipment (UE) conformance specification; UE positioning in E-UTRA; Part 2: Protocol conformance,R5
36.571-3,Evolved Universal Terrestrial Radio Access (E-UTRA); User Equipment (UE) conformance specification; UE positioning in E-UTRA; Part 3: ICS,R5
36.571-4,Evolved Universal Terrestrial Radio Access (E-UTRA); User Equipment (UE) conformance specification; UE positioning in E-UTRA; Part 4: Test suites,R5
36.571-5,Evolved Universal Terrestrial Radio Access (E-UTRA); User Equipment (UE) conformance specification; UE positioning in E-UTRA; Part 5: UE positioning test scenarios and assistance data,R5
36.579-1,Mission Critical (MC) services over LTE; Part 1: Common test environment,R5
36.579-2,Mission Critical (MC) services over LTE; Part 2: Mission Critical Push To Talk (MCPTT) User Equipment (UE) Protocol conformance specification,R5
36.579-3,Mission Critical (MC) services over LTE; Part 3: Mission Critical Push To Talk (MCPTT) Server Application conformance specification,R5
36.579-4,Mission Critical (MC) services over LTE; Part 4: Test Applicability and Implementation Conformance Statement (ICS) proforma specification,R5
36.579-5,Mission Critical (MC) services over LTE; Part 5: Abstract test suite (ATS),R5
36.579-6,Mission Critical (MC) services over LTE; Part 6: Mission Critical Video (MCVideo) User Equipment (UE) Protocol conformance specification,R5
36.579-7,Mission Critical (MC) services over LTE; Part 7: Mission Critical Data (MCData) User Equipment (UE) Protocol conformance specification,R5
36.579-8,Mission Critical (MC) services over LTE; Part 8: Mission Critical Video (MCVideo) Server Application conformance specification,R5
36.579-9,Mission Critical (MC) services over LTE; Part 9: Mission Critical Data (MCData) Server Application conformance specification,R5
36.714-00-00,Evolved Universal Terrestrial Radio Access (E-UTRA); LTE Advanced intra-band Carrier Aggregation (CA) Rel-14 for x Down Link (DL) / y Up Link (UL) including contiguous and non-contiguous spectrum,R4
36.714-00-02,"Evolved Universal Terrestrial Radio Access (E-UTRA); LTE Advanced intra-band Carrier Aggregation (CA) Rel-14 for x Down Link (DL) / y Up Link (UL)  with x=3, 4, 5",R4
36.714-02-01,Evolved Universal Terrestrial Radio Access (E-UTRA); LTE Advanced inter-band Carrier Aggregation (CA) Rel-14 for 2 Down Link (DL) / 1 Up Link (UL),R4
36.714-02-02,Evolved Universal Terrestrial Radio Access (E-UTRA); LTE Advanced inter-band Carrier Aggregation (CA) Rel-14 for 2 Down Link (DL) / 2 Up Link (UL),R4
36.714-03-01,Evolved Universal Terrestrial Radio Access (E-UTRA); LTE Advanced inter-band Carrier Aggregation (CA) Rel-14 for 3 Down Link (DL) / 1 Up Link (UL),R4
36.714-03-03,Evolved Universal Terrestrial Radio Access (E-UTRA); LTE Advanced inter-band Carrier Aggregation (CA) Rel-14 for 3 Down Link (DL) / 3 Up Link (UL),R4
36.714-04-01,Evolved Universal Terrestrial Radio Access (E-UTRA); LTE Advanced inter-band Carrier Aggregation (CA) Rel-14 for 4 Down Link (DL) / 1 Up Link (UL),R4
36.714-05-01,Evolved Universal Terrestrial Radio Access (E-UTRA); LTE Advanced inter-band Carrier Aggregation (CA) Rel-14 for 5 Down Link (DL) / 1 Up Link (UL),R4
36.715-00-00,Evolved Universal Terrestrial Radio Access (E-UTRA); LTE Advanced intra-band Carrier Aggregation (CA) Rel-15 for x Down Link (DL) / y Up Link (UL) including contiguous and non-contiguous spectrum,R4
36.715-00-01,Evolved Universal Terrestrial Radio Access (E-UTRA); LTE Advanced inter-band Carrier Aggregation (CA) Rel-15 for x Down Link (DL) / 1 Up Link (UL) with x>5,R4
36.715-00-02,"Evolved Universal Terrestrial Radio Access (E-UTRA); LTE Advanced inter-band Carrier Aggregation (CA) Rel-15 for x Down Link (DL) / 2 Up Link (UL) with x=3,4,5",R4
36.715-02-01,Evolved Universal Terrestrial Radio Access (E-UTRA); LTE Advanced inter-band Carrier Aggregation (CA) Rel-15 for 2 Down Link (DL) / 1 Up Link (UL),R4
36.715-02-02,Evolved Universal Terrestrial Radio Access (E-UTRA); LTE Advanced inter-band Carrier Aggregation (CA) Rel-15 for 2 Down Link (DL) / 2 Up Link (UL),R4
36.715-03-01,Evolved Universal Terrestrial Radio Access (E-UTRA); LTE Advanced inter-band Carrier Aggregation (CA) Rel-15 for 3 Down Link (DL) / 1 Up Link (UL),R4
36.715-03-03,LTE Advanced Inter-band Carrier Aggregation (CA) for 3DL/3UL,R4
36.715-04-01,Evolved Universal Terrestrial Radio Access (E-UTRA); LTE Advanced inter-band Carrier Aggregation (CA) Rel-15 for 4 Down Link (DL) / 1 Up Link (UL),R4
36.715-04-04,Evolved Universal Terrestrial Radio Access (E-UTRA); LTE Advanced Inter-band Carrier Aggregation (4DL/4UL) of Band 41C and Band 42C,R4
36.715-05-01,Evolved Universal Terrestrial Radio Access (E-UTRA); LTE Advanced inter-band Carrier Aggregation (CA) Rel-15 for 5 Down Link (DL) / 1 Up Link (UL),R4
36.716-01-01,Evolved Universal Terrestrial Radio Access (E-UTRA); LTE Advanced intra-band Carrier Aggregation (CA) Rel-16 for x CC Down Link (DL) / y CC Up Link (UL) including contiguous and non-contiguous spectrum (x >= y),R4
36.716-02-01,Evolved Universal Terrestrial Radio Access (E-UTRA); LTE Advanced inter-band Carrier Aggregation (CA) Rel-16 for 2 bands Down Link (DL) / 1 band Up Link (UL),R4
36.716-02-02,Evolved Universal Terrestrial Radio Access (E-UTRA); LTE Advanced inter-band Carrier Aggregation (CA) Rel-16 for 2 bands Down Link (DL) / 2 band Up Link (UL),R4
36.716-03-01,Evolved Universal Terrestrial Radio Access (E-UTRA); LTE Advanced inter-band Carrier Aggregation (CA) Rel-16 for 3 bands Down Link (DL) / 1 band Up Link (UL),R4
36.716-03-02,"Evolved Universal Terrestrial Radio Access (E-UTRA); LTE Advanced inter-band Carrier Aggregation (CA) Rel-16 for x bands Down Link (DL) (x = 3, 4, 5) / 2 band Up Link (UL)",R4
36.716-04-01,"Evolved Universal Terrestrial Radio Access (E-UTRA); LTE Advanced inter-band Carrier Aggregation (CA) Rel-16 for x bands Down Link (DL) (x = 4, 5) / 1 band Up Link (UL)",R4
36.717-02-01,Rel-17 LTE inter-band Carrier Aggregation for 2 bands DL with 1 band UL,R4
36.717-02-02,Rel-17 LTE inter-band Carrier Aggregation for 2 bands DL with 2 bands UL,R4
36.717-03-01,Rel-17 LTE inter-band Carrier Aggregation for 3 bands DL with 1 band UL,R4
36.717-03-02,"Rel-17 LTE inter-band Carrier Aggregation for x bands DL (x= 3, 4, 5) with 2 bands UL",R4
36.717-04-01,"Rel-17 LTE inter-band Carrier Aggregation for x bands DL (x=4, 5) with 1 band UL",R4
36.718-02-01,"Rel-18 LTE Advanced Carrier Aggregation for x bands (1<= x<=6) DL with y bands (y=1,2) UL",R4
36.719-01-01,"LTE REL-19 CA for x bands (1<=x<=6)DL with y bands (y=1,2) UL",R4
36.740,Study of LTE bandwidth flexibility enhancements,R4
36.741,Study on further enhancements to Coordinated Multi-Point (CoMP) operation for LTE,R1
36.742,Study on Self-Organizing Networks (SON) for enhanced Coordinated Multi-Point (eCoMP),R3
36.743,Enhanced Multimedia Broadcast/Multicast (eMBMS) enhancements for LTE,R2
36.744,Citizens Broadband Radio Service (CBRS) 3.5 GHz band for LTE in the United States,R4
36.745,Feasibility study on global application of LTE Band 11 and of LTE Band 21 User Equipments (UEs),R4
36.746,"Study on further enhancements to LTE Device to Device (D2D), UE to network relays for Internet of Things (IoT) and wearables",R2
36.747,Enhanced CRS and 4Rx SU-MIMO Interference Mitigation Performance Requirements for LTE ,R4
36.748,Technical report for 450MHz E-UTRA FDD Band for LTE PPDR and PMR/PAMR in Europe,R4
36.749,Evolved Universal Terrestrial Radio Access (E-UTRA); New AWS Band for LTE,R4
36.750,Study on Voice and Video Enhancement for LTE,R2
36.751,FDD operating band in the L-band for LTE,R4
36.752,Study of Narrow-Band Internet of Things (NB-IoT) Radio Frequency (RF) requirement to co-existence with Code Division Multiple Access (CDMA),R4
36.753,TDD operating band in the L-band for LTE,R4
36.754,Study on Uplink (UL) data compression in LTE,R2
36.755,US 600 MHz Band for LTE,R4
36.756,Study on architecture evolution for Evolved Universal Terrestrial Radio Access Network (E-UTRAN),R3
36.757,Study on LTE DL 8Rx antenna ports,R4
36.758,TDD 3300-3400 MHz band for LTE,R4
36.759,450 MHz Band for LTE in Region 3,R4
36.760,LTE Advanced high power TDD UE (power class 2) for Rel-15,R4
36.761,Extended-Band 12 new E-UTRA Band,R4
36.762,410 – 430 MHz Evolved Universal Terrestrial Radio Access (E-UTRA) Frequency Division Duplex (FDD) Band(s) for LTE Public Protection and Disaster Relief (PPDR) and Professional Mobile Radio (PMR) / Public Access Mobile Radio (PAMR) in Europe,R4
36.763,Study on Narrow-Band Internet of Things (NB-IoT) / enhanced Machine Type Communication (eMTC) support for Non-Terrestrial Networks (NTN),R1
36.764,LTE IoT NTN operating bands,R4
36.766,Study on interference cancellation receiver for LTE BS,R4
36.767,Rel-19 High power UE (power class 2) and high power operation (power class 1) for fixed-wireless/vehicle-mounted use cases in a single LTE band,R4
36.770,High Power UE (Power Class 2) for LTE FDD Band 14,R4
36.776,Evolved Universal Terrestrial Radio Access (E-UTRA); Study on LTE-based 5G terrestrial broadcast,R1
36.777,Enhanced LTE support for aerial vehicles,R2
36.779,Introduction of upper 700MHz A block E-UTRA band for the US,R4
36.783,Evolved Universal Terrestrial Radio Access (E-UTRA); Introduction of 1024 Quadrature Amplitude Modulation (QAM) in LTE downlink,R1
36.785,Vehicle to Vehicle (V2V) services based on LTE sidelink; User Equipment (UE) radio transmission and reception,R4
36.786,Vehicle-to-Everything (V2X) services based on LTE; User Equipment (UE) radio transmission and reception,R4
36.787,Vehicle-to-Everything (V2X) new band combinations,R4
36.788,Vehicle-to-Everything (V2X) Phase 2;  User Equipment (UE) radio transmission and reception,R4
36.789,Multi-node tests for Licence-Assisted Access (LAA),R4
36.790,LAA/eLAA for the “CBRS” 3.5GHz band in the United States,R4
36.791,Evolved Universal Terrestrial Radio Acces (E-UTRA) 2.4 GHz Time Division Duplex (TDD) Band for US,R4
36.792,Summary of regulatory requirements on unwanted emissions for transmission over broadcast bands in UHF spectrum,R4
36.800,Universal Terrestrial Radio Access (UTRA) and Evolved Universal Terrestrial Radio Access (E-UTRA); Extended UMTS / LTE 800 Work Item Technical Report,R4
36.801,Evolved Universal Terrestrial Radio Access (E-UTRA); Measurement Requirements,R4
36.802,Evolved Universal Terrestrial Radio Access (E-UTRA); NB-IOT; Technical Report for BS and UE radio transmission and reception,R4
36.803,Evolved Universal Terrestrial Radio Access (E-UTRA); User Equipment (UE) radio transmission and reception,R4
36.804,Evolved Universal Terrestrial Radio Access (E-UTRA); Base Station (BS) radio transmission and reception,R4
36.805,Evolved Universal Terrestrial Radio Access (E-UTRA); Study on minimization of drive-tests in next generation networks,R2
36.806,Evolved Universal Terrestrial Radio Access (E-UTRA); Relay architectures for E-UTRA (LTE-Advanced),R2
36.807,Evolved Universal Terrestrial Radio Access (E-UTRA); User Equipment (UE) radio transmission and reception,R4
36.808,Evolved Universal Terrestrial Radio Access (E-UTRA); Carrier Aggregation; Base Station (BS) radio transmission and reception,R4
36.809,Radio Frequency (RF) pattern matching location method in LTE,R4
36.810,Universal Terrestrial Radio Access (UTRA) and Evolved Universal Terrestrial Radio Access (E-UTRA); UMTS / LTE in 800 MHz for Europe,R4
36.811,Evolved Universal Terrestrial Radio Access (E-UTRA); Adding 2 GHz band LTE Frequency Division Duplex (FDD) (Band 23) for Ancillary Terrestrial Component (ATC) of Mobile Satellite Services (MSS)  in North America,R4
36.812,Evolved Universal Terrestrial Radio Access (E-UTRA); LTE TDD 2600MHz in US work item Technical Report,R4
36.813,Evolved Universal Terrestrial Radio Access (E-UTRA); LTE L-Band Technical Report,R4
36.814,Evolved Universal Terrestrial Radio Access (E-UTRA); Further advancements for E-UTRA physical layer aspects,R1
36.815,Further Advancements for E-UTRA;  LTE-Advanced feasibility studies in RAN WG4,R4
36.816,Evolved Universal Terrestrial Radio Access (E-UTRA); Study on signalling and procedure for interference avoidance for in-device coexistence,R2
36.817,Evolved Universal Terrestrial Radio Access (E-UTRA); Uplink multiple antenna transmission; Base Station (BS) radio transmission and reception,R4
36.818,Expanding 1900MHz,R4
36.819,Coordinated multi-point operation for LTE physical layer aspects,R1
36.820,LTE for 700 MHz digital dividend,R4
36.821,Extended UMTS/LTE 1500 work item technical report,R4
36.822,LTE Radio Access Network (RAN) enhancements for diverse data applications,R2
36.823,Evolved Universal Terrestrial Radio Access (E-UTRA); Carrier aggregation enhancements; User Equipment (UE) and Base Station (BS) radio transmission and reception,R4
36.824,Evolved Universal Terrestrial Radio Access (E-UTRA); LTE coverage enhancements,R1
36.825,Feasibility study on possible additional configuration for LTE TDD,RP
36.826,Evolved Universal Terrestrial Radio Access (E-UTRA); Relay radio transmission and reception,R4
36.827,Evolved Universal Terrestrial Radio Access (E-UTRA); LTE Advanced carrier aggregation band 41,R4
36.828,Evolved Universal Terrestrial Radio Access (E-UTRA); Further enhancements to LTE Time Division Duplex (TDD)  for Downlink-Uplink (DL-UL) interference management and traffic adaptation,R1
36.829,Enhanced performance requirement for LTE User Equipment (UE),R4
36.830,Evolved Universal Terrestrial Radio Access (E-UTRA); LTE-Advanced Carrier Aggregation (CA) in band 38,R4
36.831,Evolved Universal Terrestrial Radio Access (E-UTRA); LTE-Advanced Carrier Aggregation (CA) in band 7,R4
36.832,LTE in the 1670-1675MHz Band for the United States,R4
36.833,Intra-band Non-contiguous CA for Band 4 for LTE,R4
36.833-1-03,Evolved Universal Terrestrial Radio Access (E-UTRA); LTE-Advanced intra-band contiguous Carrier Aggregation (CA) in Band 3,R4
36.833-1-07,Evolved Universal Terrestrial Radio Access (E-UTRA); LTE-Advanced intra-band contiguous Carrier Aggregation (CA) in Band 7,R4
36.833-1-08,Evolved Universal Terrestrial Radio Access (E-UTRA); LTE-Advanced intra-band contiguous Carrier Aggregation (CA) in Band 8,R4
36.833-1-23,Evolved Universal Terrestrial Radio Access (E-UTRA); LTE-Advanced intra-band contiguous Carrier Aggregation (CA) in Band 23,R4
36.833-1-27,Evolved Universal Terrestrial Radio Access (E-UTRA); LTE-Advanced intra-band contiguous Carrier Aggregation (CA) in Band 27,R4
36.833-1-38,Evolved Universal Terrestrial Radio Access (E-UTRA); LTE-Advanced intra-band contiguous Carrier Aggregation (CA) in Band 38,R4
36.833-1-39,Evolved Universal Terrestrial Radio Access (E-UTRA); LTE-Advanced intra-band contiguous Carrier Aggregation (CA) in Band 39,R4
36.833-1-41,Evolved Universal Terrestrial Radio Access (E-UTRA); LTE-Advanced intra-band contiguous Carrier Aggregation (CA) in Band 41,R4
36.833-1-42,Evolved Universal Terrestrial Radio Access (E-UTRA); LTE-Advanced intra-band contiguous Carrier Aggregation (CA) in Band 42,R4
36.833-2-02,Evolved Universal Terrestrial Radio Access (E-UTRA); LTE-Advanced intra-band non-contiguous Carrier Aggregation (CA) in Band 2,R4
36.833-2-03,Evolved Universal Terrestrial Radio Access (E-UTRA); LTE-Advanced intra-band non-contiguous Carrier Aggregation (CA) in Band 3,R4
36.833-2-04,Evolved Universal Terrestrial Radio Access (E-UTRA); LTE-Advanced intra-band non-contiguous Carrier Aggregation (CA) in Band 4,R4
36.833-2-07,Evolved Universal Terrestrial Radio Access (E-UTRA); LTE-Advanced intra-band non-contiguous Carrier Aggregation (CA) in Band 7,R4
36.833-2-23,Evolved Universal Terrestrial Radio Access (E-UTRA); LTE-Advanced intra-band non-contiguous Carrier Aggregation (CA) in Band 23,R4
36.833-2-25,Evolved Universal Terrestrial Radio Access (E-UTRA); LTE-Advanced intra-band non-contiguous Carrier Aggregation (CA) in Band 25,R4
36.833-2-42,Evolved Universal Terrestrial Radio Access (E-UTRA); LTE-Advanced intra-band non-contiguous Carrier Aggregation (CA) in Band 42,R4
36.833-4,Evolved Universal Terrestrial Radio Access (E-UTRA); LTE-Advanced intra-band non-contiguous Carrier Aggregation (CA) for 2 uplinks (2UL); Framework,R4
36.833-4-04,Evolved Universal Terrestrial Radio Access (E-UTRA); LTE-Advanced intra-band non-contiguous Carrier Aggregation (CA) in Band 4 for 2 uplinks (2UL),R4
36.833-5-40,Evolved Universal Terrestrial Radio Access (E-UTRA); LTE-Advanced intra-band contiguous Carrier Aggregation (CA) in Band 40 for 3 downlinks (3DL),R4
36.833-5-41,Evolved Universal Terrestrial Radio Access (E-UTRA); LTE-Advanced intra-band contiguous Carrier Aggregation (CA) in Band 41 for 3 downlinks (3DL),R4
36.833-5-42,Evolved Universal Terrestrial Radio Access (E-UTRA); LTE-Advanced intra-band contiguous Carrier Aggregation (CA) in Band 42 for 3 downlinks (3DL),R4
36.833-6-41,Evolved Universal Terrestrial Radio Access (E-UTRA); LTE-Advanced intra-band non-contiguous Carrier Aggregation (CA) in Band 41 for 3 downlinks (3DL),R4
36.833-6-42,Evolved Universal Terrestrial Radio Access (E-UTRA); LTE-Advanced intra-band non-contiguous Carrier Aggregation (CA) in Band 42 for 3 downlinks (3DL),R4
36.833-7-42,Evolved Universal Terrestrial Radio Access (E-UTRA); LTE-Advanced intra-band contiguous Carrier Aggregation (CA) in Band 42 for 4 downlinks (4DL),R4
36.833-8-41,Evolved Universal Terrestrial Radio Access (E-UTRA); LTE-Advanced intra-band non-contiguous Carrier Aggregation (CA) in Band 41 for 4 downlinks (4DL),R4
36.834,LTE Advanced intra-band contiguous Carrier Aggregation in Band 3,R4
36.835,Intra-band contiguous CA in Band 1,R4
36.836,Evolved Universal Terrestrial Radio Access (E-UTRA); Study on mobile relay,R3
36.837,Public safety broadband high power User Equipment (UE) for band 14,R4
36.838,Intra-band contiguous CA in Band 27 for LTE,R4
36.839,Evolved Universal Terrestrial Radio Access (E-UTRA); Mobility enhancements in heterogeneous networks,R2
36.840,LTE 450 MHz in Brazil Work Item Technical Report,R4
36.841,Evolved Universal Terrestrial Radio Access (E-UTRA); Intra-band non-contiguous Carrier Aggregation (CA) for band 25 for LTE,R4
36.842,Study on Small Cell enhancements for E-UTRA and E-UTRAN; Higher layer aspects,R2
36.843,Study on LTE device  to device proximity services; Radio aspects,R1
36.844,Study on expansion of LTE in the 1670-1675 MHz Band for the United States to include 1670-1680 MHz Band,R4
36.845,Intra-band contiguous CA for Band 39 for LTE,R4
36.846,LTE in the US Wireless Communications Service (WCS) band,R4
36.847,Study on LTE Time Division Duplex (TDD) - Frequency Division Duplex (FDD) joint operation including Carrier Aggregation (CA),R1
36.848,Evolved Universal Terrestrial Radio Access Network (E-UTRAN); Study on smart congestion mitigation,R2
36.849,Study on Advanced Wireless Services (AWS) extension band for LTE,R4
36.850,Inter-band carrier aggregation,R4
36.851,Inter-band carrier aggregation,R4
36.852-11,LTE Advanced inter-band Carrier Aggregation (CA) (2DL/1UL),R4
36.852-12,LTE Advanced inter-band Carrier Aggregation (CA) (2DL/1UL),R4
36.852-13,LTE Advanced inter-band Carrier Aggregation (CA) (2DL/1UL),R4
36.853,Evolved Universal Terrestrial Radio Access (E-UTRA); LTE-Advanced; LTE-Advanced 3 Band Carrier Aggregation (CA) (3DL/1UL),R4
36.853-1,Evolved Universal Terrestrial Radio Access (E-UTRA); LTE-Advanced; LTE-Advanced 3 Band Carrier Aggregation (CA) (3DL/1UL),R4
36.853-12,Evolved Universal Terrestrial Radio Access (E-UTRA); LTE-Advanced 3 Band Carrier Aggregation (CA) (3DL/1UL),R4
36.853-13,Evolved Universal Terrestrial Radio Access (E-UTRA); LTE-Advanced 3 Band Carrier Aggregation (CA) (3DL/1UL),R4
36.854-13,LTE Advanced 4 Band Carrier Aggregation (CA) (4DL/1UL),R4
36.855,Feasibility of positioning enhancements for E-UTRA,R4
36.856,Evolved Universal Terrestrial Radio Access Network (E-UTRAN); Study on RAN sharing enhancements,R3
36.857-13,LTE Advanced 5 Band Carrier Aggregation (CA) (5DL/1UL),R4
36.858,Evolved Universal Terrestrial Radio Access (E-UTRA); LTE 2.6 GHz FDD SDL band (2570-2620 MHz),R4
36.859,Study on Downlink Multiuser Superposition Transmission (MUST) for LTE,R1
36.860,LTE-Advanced dual uplink inter-band Carrier Aggregation (CA),R4
36.860-12,LTE-Advanced dual uplink inter-band Carrier Aggregation (CA),R4
36.860-13,LTE-Advanced dual uplink inter-band Carrier Aggregation (CA),R4
36.861,Technical Report for Study Item: Study on LTE FDD in the bands 1980-2010 MHz and 2170-2200 MHz,R4
36.862,Technical Report for 2 GHz Band in Region 1,R4
36.863,Study on Cell-specific Reference Signals (CRS) interference mitigation for homogenous deployments of LTE,R4
36.864,Intra-band contiguous Carrier Aggregation in band 23,R4
36.865,Intra-band non-contiguous Carrier Aggregation in band 23,R4
36.866,Study on Network-Assisted Interference Cancellation and Suppression (NAIC) for LTE,R1
36.867,Study on LTE DL 4 Rx antenna ports,R4
36.868,Evolved Universal Terrestrial Radio Access (E-UTRA); Study on group communication for E-UTRA,R2
36.869,Advanced Wireless Services (AWS) extension band for LTE,R4
36.870,Study on new Advanced Wireless Services (AWS)-3/4 Band for LTE,R4
36.871,Evolved Universal Terrestrial Radio Access (E-UTRA); Downlink Multiple Input Multiple Output (MIMO) enhancement for LTE-Advanced,R1
36.872,Small cell enhancements for E-UTRA and E-UTRAN - Physical layer aspects,R1
36.873,Study on 3D channel model for LTE,R1
36.874,Coordinated multi-point operation for LTE with non-ideal backhaul,R1
36.875,Evolved Universal Terrestrial Radio Access Network (E-UTRAN); Extension of dual connectivity in E-UTRAN,R3
36.876,Study on further enhancements of small cell high layer aspects for LTE,R3
36.877,LTE Device to Device Proximity Services; User Equipment (UE) radio transmission and reception,R4
36.878,Study on performance enhancements for high speed scenario in LTE,R4
36.879-13,LTE Advanced 3DL/2UL inter-band Carrier Aggregation (CA),R4
36.880,Study on further enhancements of Minimization of Drive Tests (MDT) for E-UTRAN,R2
36.881,Study on latency reduction techniques for LTE,R2
36.882,Study on regulatory aspects for flexible duplex for E-UTRAN,RP
36.883,Evolved Universal Terrestrial Radio Access (E-UTRA); Introducing UL 64QAM,R4
36.884,Performance requirements of MMSE-IRC receiver for LTE BS,R4
36.885,Study on LTE-based V2X services,R1
36.886,Evolved Universal Terrestrial Radio Access (E-UTRA); Band 41 High Power UE (HPUE),R4
36.887,Evolved Universal Terrestrial Radio Access Network (E-UTRAN); Study on energy saving enhancement for E-UTRAN,R3
36.888,Study on provision of low-cost Machine-Type Communications (MTC) User Equipments (UEs) based on LTE,R1
36.889,Feasibility Study on Licensed-Assisted Access to Unlicensed Spectrum,R1
36.890,Study on Support of single-cell point-to-multipoint transmission in LTE,R2
36.891,Study on Enhanced Multiuser Transmissions and Network Assisted Interference Cancellation for LTE,R1
36.892,Evolved Universal Terrestrial Radio Access (E-UTRA); Introduction of 1447-1467MHz Band for TD-LTE in China,R4
36.893,Evolved Universal Terrestrial Radio Access (E-UTRA); 700MHz band for Arab Region,R4
36.894,Evolved Universal Terrestrial Radio Access (E-UTRA); Study on measurement gap enhancement for LTE,R4
36.895,Evolved Universal Terrestrial Radio Access (E-UTRA); European 700 supplemental downlink band (738-758 MHz) in E-UTRA,R4
36.896,Study on Flexible eNB-ID and Cell-ID in E-UTRAN,R3
36.897,Study on Elevation Beamforming/Full-Dimension (FD) MIMO for LTE,R1
36.898,Network Assistance for Network Synchronization,R3
36.899-13,LTE Advanced inter-band Carrier Aggregation (CA) (3DL/3UL),R4
36.902,Evolved Universal Terrestrial Radio Access Network (E-UTRAN); Self-configuring and self-optimizing network (SON) use cases and solutions,R3
36.903,Evolved Universal Terrestrial Radio Access (E-UTRA) and Evolved Universal Terrestrial Radio Access Network (E-UTRAN); Derivation of test tolerances for Radio Resource Management (RRM) conformance tests,R5
36.904,Evolved Universal Terrestrial Radio Access (E-UTRA) and Evolved Universal Terrestrial Radio Access Network (E-UTRAN); Derivation of test tolerances for User Equipment (UE) radio reception conformance tests,R5
36.905,Evolved Universal Terrestrial Radio Access (E-UTRA) and Evolved Universal Terrestrial Radio Access Network (E-UTRAN); Derivation of test points for radio transmission and reception conformance test cases,R5
36.912,Feasibility study for Further Advancements for E-UTRA (LTE-Advanced),R1
36.913,Requirements for further advancements for Evolved Universal Terrestrial Radio Access (E-UTRA)  (LTE-Advanced),RP
36.921,Evolved Universal Terrestrial Radio Access (E-UTRA); FDD Home eNode B (HeNB) Radio Frequency (RF) requirements analysis,R4
36.922,Evolved Universal Terrestrial Radio Access (E-UTRA); TDD Home eNode B (HeNB) Radio Frequency (RF) requirements analysis,R4
36.927,Evolved Universal Terrestrial Radio Access (E-UTRA); Potential solutions for energy saving for E-UTRAN,R3
36.931,Evolved Universal Terrestrial Radio Access (E-UTRA); Radio Frequency (RF) requirements for LTE Pico Node B,R4
36.932,Scenarios and requirements for small cell enhancements for E-UTRA and E-UTRAN,RP
36.933,Study on Context Aware Service Delivery in RAN for LTE,R3
36.934,LTE Extended 1.5 GHz SDL band (1427 – 1518 MHz),R4
36.938,Evolved Universal Terrestrial Radio Access Network (E-UTRAN); Improved network controlled mobility between E-UTRAN and 3GPP2/mobile WiMAX radio technologies,R2
36.942,Evolved Universal Terrestrial Radio Access (E-UTRA); Radio Frequency (RF) system scenarios,R4
36.956,Evolved Universal Terrestrial Radio Access (E-UTRA); Repeater planning guidelines and system analysis,R4
36.976,Overall description of LTE-based 5G broadcast,R1
36.978,Evolved Universal Terrestrial Radio Access (E-UTRA) User Equipment (UE) antenna test function definition for two-stage Multiple Input Multiple Output (MIMO) Over The Air (OTA) test method,R5
37.104,"NR, E-UTRA, UTRA and GSM/EDGE; Multi-Standard Radio (MSR) Base Station (BS) radio transmission and reception",R4
37.105,Active Antenna System (AAS) Base Station (BS) transmission and reception,R4
37.106,User Equipment (UE) requirements for shared spectrum channel access,R4
37.107,Base Station (BS) requirements and conformance tests for shared spectrum channel access,R4
37.113,"NR, E-UTRA, UTRA and GSM/EDGE; Multi-Standard Radio (MSR) Base Station (BS) Electromagnetic Compatibility (EMC)",R4
37.114,Active Antenna System (AAS) Base Station (BS) Electromagnetic Compatibility (EMC),R4
37.141,"NR, E-UTRA, UTRA and GSM/EDGE; Multi-Standard Radio (MSR) Base Station (BS) conformance testing",R4
37.142,Active Antenna System (AAS) Base Station (BS) transmission and reception,R4
37.144,"User Equipment (UE) and Mobile Station (MS) GSM, UTRA and E-UTRA over the air performance requirements",R4
37.145,"E-UTRA, UTRA, Active Antenna System (AAS) Base Station (BS): conformance testing",R4
37.145-1,Active Antenna System (AAS) Base Station (BS) conformance testing;  Part 1: conducted conformance testing,R4
37.145-2,Active Antenna System (AAS) Base Station (BS) conformance testing;  Part 2: radiated conformance testing,R4
37.171,Universal Terrestrial Radio Access (UTRA) and Evolved UTRA (E-UTRA); User Equipment (UE) performance requirements for Radio Access Technology (RAT) Independent Positioning Enhancements,R4
37.213,Physical layer procedures for shared spectrum channel access,R1
37.320,Radio measurement collection for Minimization of Drive Tests (MDT); Overall description; Stage 2,R2
37.324,Evolved Universal Terrestrial Radio Access (E-UTRA) and NR; Service Data Adaptation Protocol (SDAP) specification,R2
37.340,Evolved Universal Terrestrial Radio Access (E-UTRA) and NR; Multi-connectivity; Overall Description; Stage-2,R2
37.355,LTE Positioning Protocol (LPP),R2
37.460,Iuant interface: General aspects and principles,R3
37.461,Iuant interface: Layer 1,R3
37.462,Iuant interface: Signalling transport,R3
37.466,Iuant interface: Application part,R3
37.470,W1 interface; General aspects and principles,R3
37.471,W1 interface; Layer 1,R3
37.472,W1 interface; Signalling transport,R3
37.473,W1 interface; Application Protocol (W1AP),R3
37.480,E1 general aspects and principles,R3
37.481,E1 layer 1,R3
37.482,E1 signalling transport,R3
37.483,E1 Application Protocol (E1AP),R3
37.544,Universal Terrestrial Radio Access (UTRA) and Evolved UTRA (E-UTRA); User Equipment (UE) Over The Air (OTA) performance; Conformance testing,R5
37.571-1,User Equipment (UE) conformance specification for UE positioning; Part 1: Conformance test specification,R5
37.571-2,User Equipment (UE) conformance specification for UE positioning; Part 2: Protocol conformance,R5
37.571-3,User Equipment (UE) conformance specification for UE positioning; Part 3: Implementation Conformance Statement (ICS),R5
37.571-4,User Equipment (UE) conformance specification for UE positioning; Part 4: Test suites,R5
37.571-5,User Equipment (UE) conformance specification for UE positioning; Part 5: Test scenarios and assistance data,R5
37.579-1,Mission Critical (MC) services; Part 1: Common test environment,R5
37.579-2,Mission Critical (MC) services; Part 2: Mission Critical Push To Talk (MCPTT) User Equipment (UE) Protocol conformance specification,R5
37.579-4,Mission Critical (MC) services; Part 4: Test Applicability and Implementation Conformance Statement (ICS) proforma specification,R5
37.579-5,Mission Critical (MC) services; Part 5: Abstract test suite (ATS),R5
37.579-6,Mission Critical (MC) services; Part 6: Mission Critical Video (MCVideo) User Equipment (UE) Protocol conformance specification,R5
37.579-7,Mission Critical (MC) services; Part 7: Mission Critical Data (MCData) User Equipment (UE) Protocol conformance specification,R5
37.716-00-00,"Band combinations for Stand-Alone (SA) NR Supplementary UpLink (SUL), Non-Stand-Alone (NSA) NR SUL, NSA NR SUL with UL sharing from the UE perspective (ULSUP)",R4
37.716-11-11,E-UTRA (Evolved Universal Terrestrial Radio Access) - NR Dual Connectivity (EN-DC) of 1 band  LTE (1 Down Link (DL) / 1 Up Link (UL)) and 1 NR band (1 DL / 1 UL),R4
37.716-21-11,E-UTRA (Evolved Universal Terrestrial Radio Access) - NR Dual Connectivity (EN-DC) of 2 bands LTE inter-band Carrier aggregation (CA) (2 Down Link (DL) / 1 Up Link (UL)) and 1 NR band (1 DL / 1 UL),R4
37.716-21-21,"E-UTRA (Evolved Universal Terrestrial Radio Access) - NR Dual Connectivity (EN-DC) of x bands (x=1, 2, 3, 4) LTE inter-band Carrier aggregation (CA) (x Down Link (DL) / 1 Up Link (UL)) and 2 NR bands NR inter-band CA (2 DL / 1 UL)",R4
37.716-31-11,E-UTRA (Evolved Universal Terrestrial Radio Access) - NR Dual Connectivity (EN-DC) of 3 bands LTE inter-band Carrier aggregation (CA) (3 Down Link (DL) / 1 Up Link (UL)) and 1 NR band (1 DL / 1 UL),R4
37.716-33,E-UTRA (Evolved Universal Terrestrial Radio Access) - NR Dual Connectivity (EN-DC) of 3 bands Down Link (DL) and 3 band Up Link (UL),R4
37.716-41-11,E-UTRA (Evolved Universal Terrestrial Radio Access) - NR Dual Connectivity (EN-DC) of 4 bands LTE inter-band Carrier aggregation (CA) (4 Down Link (DL) / 1 Up Link (UL)) and 1 NR band (1 DL / 1 UL),R4
37.716-41-22,"Dual Connectivity (EN-DC) of LTE inter-band CA xDL/1UL bands (x=2,3,4) and NR FR1 1DL/1UL band and NR FR2 1DL/1UL band",R4
37.716-51-11,E-UTRA (Evolved Universal Terrestrial Radio Access) - NR Dual Connectivity (EN-DC) of 5 bands LTE inter-band Carrier aggregation (CA) (5 Down Link (DL) / 1 Up Link (UL)) and 1 NR band (1 DL / 1 UL),R4
37.717-00-00,"Rel-17 band combinations for SA NR supplementary uplink (SUL), NSA NR SUL, NSA NR SUL with UL sharing from the UE perspective (ULSUP)",R4
37.717-11-11,Rel-17 Dual Connectivity (DC) of 1 LTE band (1DL/1UL) and 1 NR band (1DL/1UL),R4
37.717-11-21,"Rel-17 Dual Connectivity (DC) of x bands (x=1,2,3,4) LTE inter-band CA (xDL/1UL) and 2 bands NR inter-band CA (2DL/1UL)",R4
37.717-11-31,"Rel-17 Dual Connectivity (DC) of x bands (x=1,2,3) LTE inter-band CA (xDL/1UL) and 3 bands NR inter-band CA (3DL/1UL)",R4
37.717-11-41,"Rel-17 Dual Connectivity (DC) of x bands (x=1,2) LTE inter-band CA (xDL/1UL) and 4 bands NR inter-band CA (4DL/1UL)",R4
37.717-21-11,Rel-17 Dual Connectivity (DC) of 2 bands LTE inter-band CA (2DL/1UL) and 1 NR band (1DL/1UL),R4
37.717-21-22,"Rel-17 Dual Connectivity (DC) of x bands (x=2,3,4) LTE inter-band CA (xDL/1UL) and 1 NR FR1 band (1DL/1UL) and 1 NR FR2 band (1DL/1UL)",R4
37.717-31-11,Rel-17 Dual Connectivity (DC) of 3 bands LTE inter-band CA (3DL/1UL) and 1 NR band (1DL/1UL),R4
37.717-33,"Rel-17 Dual Connectivity (DC) of x bands (x=1,2) LTE inter-band CA (xDL/xUL) and y bands (y=3-x) NR inter-band CA (yDL/yUL)",R4
37.717-41-11,Rel-17 Dual Connectivity (DC) of 4 bands LTE inter-band CA (4DL/1UL) and 1 NR band (1DL/1UL),R4
37.717-51-11,Rel-17 Dual Connectivity (DC) of 5 bands LTE inter-band CA (5DL/1UL) and 1 NR band (1DL/1UL),R4
37.718-00-00,"Rel-18 SUL Band combinations for SA NR Supplementary uplink (SUL), NSA NR SUL, NSA NR SUL with UL sharing from the UE perspective (ULSUP)",R4
37.718-11-11,Rel-18 Dual Connectivity (DC) of 1 band LTE (1DL/1UL) and 1 NR band (1DL/1UL),R4
37.718-11-21,"Rel-18 DC of x bands (x=1,2,3,4) LTE inter-band CA (xDL/1UL) and 2 bands NR inter-band CA (2DL/1UL)",R4
37.718-21-11,Dual Connectivity of 2 bands LTE inter-band CA and 1 NR band,R4
37.719-11-10,Rel-19 Dual Connectivity of EN-DC and NE-DC configurations  with one or two NR Supplemental Uplink (SUL) band(s) and with/without UL sharing from the UE perspective (ULSUP),R4
37.719-11-11,Rel-19 Dual Connectivity of EN-DC and NE-DC configurations consisting of 2 different bands downlink (DL) with 2 different bands uplink (UL) (1 LTE band and 1 NR band),R4
37.719-21-11,"Rel-19 Dual Connectivity of EN-DC and NE-DC configurations consisting of 2 bands LTE inter-band CA (2DL/1UL) and 1 band NR (1DL/1UL), or consisting of 1 band LTE (1DL/1UL) and 2 bands NR inter-band CA (2DL/1UL)",R4
37.801,UMTS-LTE 3500 MHz Work Item Technical Repor,R4
37.802,Multi-standard radio Base Station (BS) Radio Frequency (RF) requirements for non-contiguous spectrum deployments,R4
37.803,Universal Mobile Telecommunications System (UMTS) and LTE; Mobility enhancements for Home Node B (HNB) and Home enhanced Node B (HeNB),R3
37.804,Study on UMTS/LTE in 900 MHz band and coexistence with 850 MHz band,R4
37.805,Study on HSPA and LTE Joint Operation,R3
37.806,Extending 850 MHz study Technical Report,R4
37.807,RF Requirements for PSBB B14 HPUE,R4
37.808,Passive Intermodulation (PIM) handling for Base Stations (BS),R4
37.809,Evolved Universal Terrestrial Radio Access  (E-UTRA) medium range and Multi-Standard Radio (MSR)  medium range / local area Base Station (BS) class requirements,R4
37.810,Study of Base Station (BS) specification structure,R4
37.811,New BS specification structure,R4
37.812,Radio Frequency (RF) requirements for Multi-band and Multi-standard radio (MB-MSR) Base Station (BS),R4
37.813,Evolved Universal Terrestrial Radio Access Network (E-UTRAN); Study on LTE - High Rate Packet Data in 3GPP2 (HRPD) Inter-Radio-Access-Technology (RAT) self-configuring and self-optimizing network (SON) use cases and solutions,R3
37.814,Universal Terrestrial Radio Access (UTRA) and Evolved Universal Terrestrial Radio Access (E-UTRA); L-band for Supplemental Downlink,R4
37.815,Study on high power User Equipment (UE) (power class 2) for E-UTRA (Evolved Universal Terrestrial Radio Access) - NR Dual Connectivity (EN-DC) (1 LTE FDD band + 1 NR TDD band),R4
37.816,Study on RAN-centric data collection and utilization for LTE and NR,R3
37.817,Study on enhancement for data collection for NR and ENDC,R3
37.822,Study on next generation Self-Optimizing Network (SON) for UTRAN and E-UTRAN,R3
37.823,Coexistence between LTE-MTC and NR,R4
37.824,Coexistence between NB-IoT and NR,R4
37.825,High power User Equipment (UE) (power class 2) for E-UTRA (Evolved Universal Terrestrial Radio Access) - NR Dual Connectivity (EN-DC) (1 LTE TDD band + 1 NR TDD band),R4
37.826,High power UE (power class 2) for EN-DC with 1 LTE band + 1 NR TDD band,R4
37.827,"Rel-17 Power Class 2 for EN-DC with xLTE band + yNR DL with 1LTE+1(TDD) NR UL band (x= 2, 3, y=1; x=1, 2, y=2)",R4
37.828,High-power UE operation for fixed-wireless/vehicle-mounted use cases in LTE bands and NR bands,R4
37.829,High-power UE operation for fixed-wireless/vehicle-mounted use cases in LTE bands and NR bands for Rel-18,R4
37.834,Study on Wireless Local Area Network (WLAN) - 3GPP radio interworking,R2
37.840,Study of Radio Frequency (RF) and Electromagnetic Compatibility (EMC) requirements for Active Antenna Array System (AAS) base station,R4
37.842,Evolved Universal Terrestrial Radio Access (E-UTRA) and Universal Terrestrial Radio Access (UTRA; Radio Frequency (RF) requirement background for Active Antenna System (AAS) Base Station (BS),R4
37.843,Evolved Universal Terrestrial Radio Access (E-UTRA) and Universal Terrestrial Radio Access (UTRA); Radio Frequency (RF) requirement background for Active Antenna System (AAS) Base Station (BS) radiated requirements,R4
37.844,"User Equipment (UE) GSM, UTRA and E-UTRA over the air performance requirements",R4
37.846,Study on 2GHz Frequency Division Duplex) FDD for Universal Terrestrial Radio Access (UTRA) and LTE in Region 1 (1980-2010 MHz and 2170-2200 MHz Bands),R4
37.852,RAN enhancements for UMTS/HSPA and LTE interworking,R3
37.857,Study on indoor positioning enhancements for UTRA and LTE,R1
37.862,Rel-19 adding channel bandwidth support to existing NR bands,R4
37.863,Dual connectivity (DC) band combinations of LTE 1DL/1UL + one NR band,R4
37.863-01-01,E-UTRA (Evolved Universal Terrestrial Radio Access) - NR Dual Connectivity (EN-DC) of LTE 1 Down Link (DL) / 1 Up Link (UL) and 1 NR band,R4
37.863-02-01,E-UTRA (Evolved Universal Terrestrial Radio Access) - NR Dual Connectivity (EN-DC) of LTE 2 Down Link (DL) / 1 Up Link (UL) and 1 NR band,R4
37.863-03-01,E-UTRA (Evolved Universal Terrestrial Radio Access) - NR Dual Connectivity (EN-DC) of LTE 3 Down Link (DL) / 1 Up Link (UL) and 1 NR band,R4
37.863-04-01,E-UTRA (Evolved Universal Terrestrial Radio Access) - NR Dual Connectivity (EN-DC) of LTE 4 Down Link (DL) / 1 Up Link (UL) and 1 NR band,R4
37.863-05-01,E-UTRA (Evolved Universal Terrestrial Radio Access) - NR Dual Connectivity (EN-DC) of LTE 5 Down Link (DL) / 1 Up Link (UL) and 1 NR band,R4
37.864-11-22,E-UTRA (Evolved Universal Terrestrial Radio Access) - NR Dual Connectivity (EN-DC) of LTE 1 Down Link (DL) / 1 Up Link (UL) and inter- / intra-band NR 2 Down Link (DL) / 2 Up Link (UL) bands (Frequency Range 1 (FR1) + Frequency Range 2 (FR2)),R4
37.864-41-21,"E-UTRA (Evolved Universal Terrestrial Radio Access) - NR Dual Connectivity (EN-DC) of LTE x Down Link (DL) / 1 Up Link (UL) (x=1, 2, 3, 4) and Inter-band NR 2 Down Link (DL) / 1 Up Link (UL)",R4
37.865-01-01,NR Carrier Aggregation for intra-band (m Down Link (DL) / 1 Up Link (UL) bands) and inter-band (n Down Link (DL) / 1 Up Link (UL) bands),R4
37.866-00-02,NR Carrier Aggregation for inter-band n Down Link (DL) / 2 Up Link (UL) bands,R4
37.867,Downlink interruption for band combinations to conduct dynamic Tx Switching,R4
37.868,RAN Improvements for Machine-type Communications,R2
37.869,Study on enhancements to Machine-Type Communications (MTC) and other mobile data applications; Radio Access Network (RAN) aspects,R2
37.870,Study on Multi-RAT joint coordination,R3
37.871,"E-UTRA, UTRA and GSM/EDGE; Multi-Band Base Station testing with three or more bands",R4
37.872,Supplementary uplink (SUL) and LTE-NR co-existence,R4
37.873,Study on optimizations of UE radio capability signalling; NR / Evolved Universal Terrestrial Radio Access Network (E-UTRAN) aspects,R2
37.875,Band combinations for Uu and V2X con-current operation,R4
37.876,Study on eNB(s) Architecture Evolution for E-UTRAN and NG-RAN,R3
37.877,Rel-18 downlink interruption for NR and EN-DC band combinations at dynamic Tx switching,R4
37.878,Rel-18 Band combinations for con-current operation of NR/LTE Uu bands/band combinations and one NR/LTE V2X PC5 band,R4
37.880,Study on high-power UE operation for fixed-wireless/vehicle-mounted use cases in LTE bands 5 and 12 and NR band n71,R4
37.885,Study on evaluation methodology of new Vehicle-to-Everything (V2X) use cases for LTE and NR,R1
37.887,Rel-19 downlink interruption for NR and EN-DC band combinations at dynamic Tx Switching in Uplink,R4
37.890,Feasibility Study on 6 GHz for LTE and NR in Licensed and Unlicensed Operations,RP
37.898,Rel-19 High power UE (power class 1.5 or 2) for Dual Connectivity (DC) combinations of LTE band(s) and NR band(s),R4
37.900,Radio Frequency (RF)  requirements for Multicarrier and Multiple Radio Access Technology (Multi-RAT) Base Station (BS),R4
37.901,User Equipment (UE) application layer data throughput performance,R5
37.901-5,Study on 5G NR User Equipment (UE) application layer data throughput performance,R5
37.902,Measurements of User Equipment (UE) radio performances for LTE/UMTS terminals; Total Radiated Power (TRP) and Total Radiated Sensitivity (TRS) test methodology,R4
37.905,Evolved Universal Terrestrial Radio Access (E-UTRA) and Evolved Universal Terrestrial Radio Access Network (E-UTRAN); Derivation of test points for User Equipment (UE) radio transmission and reception conformance test cases,R5
37.910,Study on self evaluation towards IMT-2020 submission,RP
37.911,Study on self-evaluation towards the IMT-2020 submission of the 3GPP Satellite Radio Interface Technology,RP
37.941,Radio Frequency (RF) conformance testing background for radiated Base Station (BS) requirements,R4
37.976,Measurement of radiated performance for Multiple Input Multiple Output (MIMO) and multi-antenna reception for High Speed Packet Access (HSPA) and LTE terminals,R4
37.977,Universal Terrestrial Radio Access (UTRA) and Evolved Universal Terrestrial Radio Access (E-UTRA); Verification of radiated multi-antenna reception performance of User Equipment (UE),R4
37.985,Overall description of Radio Access Network (RAN) aspects for Vehicle-to-everything (V2X) based on LTE and NR,R1
38.101,NR; User Equipment (UE) radio transmission and reception,R4
38.101-1,NR; User Equipment (UE) radio transmission and reception; Part 1: Range 1 Standalone,R4
38.101-2,NR; User Equipment (UE) radio transmission and reception; Part 2: Range 2 Standalone,R4
38.101-3,NR; User Equipment (UE) radio transmission and reception; Part 3: Range 1 and Range 2 Interworking operation with other radios,R4
38.101-4,NR; User Equipment (UE) radio transmission and reception; Part 4: Performance requirements,R4
38.101-5,NR; User Equipment (UE) radio transmission and reception; Part 5: Satellite access Radio Frequency (RF) and performance requirements,R4
38.104,NR; Base Station (BS) radio transmission and reception,R4
38.106,NR repeater radio transmission and reception,R4
38.108,NR; Satellite Access Node radio transmission and reception,R4
38.113,NR; Base Station (BS) ElectroMagnetic Compatibility (EMC),R4
38.114,NR; Repeaters ElectroMagnetic Compatibility (EMC),R4
38.115-1,NR; Repeater conformance testing - Part 1: Conducted conformance testing,R4
38.115-2,NR; Repeater conformance testing - Part 2: Radiated conformance testing,R4
38.124,NR; Electromagnetic compatibility (EMC) requirements for mobile terminals and ancillary equipment,R4
38.133,NR; Requirements for support of radio resource management,R4
38.141,NR; Base Station (BS) conformance testing,R4
38.141-1,NR; Base Station (BS) conformance testing Part 1: Conducted conformance testing,R4
38.141-2,NR; Base Station (BS) conformance testing Part 2: Radiated conformance testing,R4
38.151,NR; User Equipment (UE)  Multiple Input Multiple Output (MIMO) Over-the-Air (OTA) performance requirements,R4
38.161,NR; User Equipment (UE)  TRP (Total Radiated Power) and TRS (Total Radiated Sensitivity) requirements; Range 1 Standalone and Range 1 Interworking operation with other radios,R4
38.171,NR; Requirements for support of Assisted Global Navigation Satellite System (A-GNSS),R4
38.173,TDD operating band in Band n48,R4
38.174,NR; Integrated Access and Backhaul (IAB) radio transmission and reception,R4
38.175,NR; Integrated Access and Backhaul (IAB) Electromagnetic Compatibility (EMC),R4
38.176-1,NR; Integrated Access and Backhaul (IAB) conformance testing; Part 1: Conducted conformance testing,R4
38.176-2, NR; Integrated Access and Backhaul (IAB) conformance testing; Part 2: Radiated conformance testing,R4
38.181,NR; Satellite Access Node conformance testing,R4
38.191,NR; Ambient IoT device radio transmission and reception,R4
38.194,NR; Ambient IoT Base Station (BS) and Carrier-Wave (CW) node radio transmission and reception,R4
38.195,NR; Ambient IoT Base Station (BS) and Carrier-Wave (CW) node conformance testing ,R4
38.201,NR; Physical layer; General description,R1
38.202,NR; Services provided by the physical layer,R1
38.211,NR; Physical channels and modulation,R1
38.212,NR; Multiplexing and channel coding,R1
38.213,NR; Physical layer procedures for control,R1
38.214,NR; Physical layer procedures for data,R1
38.215,NR; Physical layer measurements,R1
38.291,NR; Ambient IoT Physical layer,R1
38.300,NR; NR and NG-RAN Overall description; Stage-2,R2
38.304,NR; User Equipment (UE) procedures in Idle mode and in RRC Inactive state,R2
38.305,NG Radio Access Network (NG-RAN); Stage 2 functional specification of User Equipment (UE) positioning in NG-RAN,R2
38.306,NR; User Equipment (UE) radio access capabilities,R2
38.307,NR; Requirements on User Equipments (UEs) supporting a release-independent frequency band,R4
38.314,NR; Layer 2 measurements,R2
38.321,NR; Medium Access Control (MAC) protocol specification,R2
38.322,NR; Radio Link Control (RLC) protocol specification,R2
38.323,NR; Packet Data Convergence Protocol (PDCP) specification,R2
38.331,NR; Radio Resource Control (RRC); Protocol specification,R2
38.340,NR; Backhaul Adaptation Protocol (BAP) specification,R2
38.351,NR; Sidelink Relay Adaptation Protocol (SRAP) Specification,R2
38.355,NR; Sidelink Positioning Protocol (SLPP); Protocol Specification,R2
38.391,Ambient IoT Medium Access Control (MAC) protocol ,R2
38.401,NG-RAN; Architecture description,R3
38.410,NG-RAN; NG general aspects and principles,R3
38.411,NG-RAN; NG layer 1,R3
38.412,NG-RAN; NG signalling transport,R3
38.413,NG-RAN; NG Application Protocol (NGAP),R3
38.414,NG-RAN; NG data transport,R3
38.415,NG-RAN; PDU session user plane protocol,R3
38.420,NG-RAN; Xn general aspects and principles,R3
38.421,NG-RAN; Xn layer 1,R3
38.422,NG-RAN; Xn signalling transport,R3
38.423,NG-RAN; Xn Application Protocol (XnAP),R3
38.424,NG-RAN; Xn data transport,R3
38.425,NG-RAN; NR user plane protocol,R3
38.455,NG-RAN; NR Positioning Protocol A (NRPPa),R3
38.460,NG-RAN; E1 general aspects and principles,R3
38.461,NG-RAN; E1 layer 1,R3
38.462,NG-RAN; E1 signalling transport,R3
38.463,NG-RAN; E1 Application Protocol (E1AP),R3
38.470,NG-RAN; F1 general aspects and principles,R3
38.471,NG-RAN; F1 layer 1,R3
38.472,NG-RAN; F1 signalling transport,R3
38.473,NG-RAN; F1 Application Protocol (F1AP),R3
38.474,NG-RAN; F1 data transport,R3
38.475,NG-RAN; F1 interface user plane protocol,R3
38.508-1,5GS; User Equipment (UE) conformance specification; Part 1: Common test environment,R5
38.508-2,5GS; User Equipment (UE) conformance specification; Part 2: Common Implementation Conformance Statement (ICS) proforma,R5
38.509,5GS; Special conformance testing functions for User Equipment (UE),R5
38.521-1,NR; User Equipment (UE) conformance specification;  Radio transmission and reception; Part 1: Range 1 standalone,R5
38.521-2,NR; User Equipment (UE) conformance specification;  Radio transmission and reception; Part 2: Range 2 standalone,R5
38.521-3,NR; User Equipment (UE) conformance specification; Radio transmission and reception; Part 3: Range 1 and Range 2 Interworking operation with other radios,R5
38.521-4,NR; User Equipment (UE) conformance specification; Radio transmission and reception; Part 4: Performance,R5
38.521-5,NR; User Equipment (UE) conformance specification; Radio transmission and reception; Part 5: Satellite access Radio Frequency (RF) and performance,R5
38.522,"NR; User Equipment (UE) conformance specification; Applicability of radio transmission, radio reception and radio resource management test cases",R5
38.523-1,5GS; User Equipment (UE) conformance specification; Part 1: Protocol,R5
38.523-2,5GS; User Equipment (UE) conformance specification; Part 2: Applicability of protocol test cases,R5
38.523-3,5GS; User Equipment (UE) conformance specification; Part 3: Protocol Test Suites,R5
38.533,NR; User Equipment (UE) conformance specification; Radio Resource Management (RRM),R5
38.551,NR; User Equipment (UE) Multiple Input Multiple Output (MIMO) Over-the-Air (OTA) performance; Conformance testing,R5
38.561,NR; User Equipment (UE) conformance specification; UE TRP (Total Radiated Power) and TRS (Total Radiated Sensitivity) requirements and test methodologies for FR1 (NR SA and EN-DC),R5
38.716-01-01,NR intra band Carrier Aggregation (CA) Rel-16 for xCC Down Link (DL) / yCC Up Link (UL) including contiguous and non-contiguous spectrum (x >= y),R4
38.716-02-00,"NR inter-band Carrier Aggregation (CA) / Dual Connectivity (DC) Rel-16 for 2 bands Down Link (DL) / x bands Up Link (UL) (x = 1, 2)",R4
38.716-03-01,NR inter-band Carrier Aggregation (CA) / Dual Connectivity (DC) Rel-16 for 3 bands Down Link (DL) / 1 bands Up Link (UL),R4
38.716-03-02,NR inter-band Carrier Aggregation (CA) / Dual Connectivity (DC) Rel-16 for 3 bands Down Link (DL) / 2 bands Up Link (UL),R4
38.716-04-01,NR inter-band Carrier Aggregation (CA) Rel-16 for 4 bands Down Link (DL) / 1 bands Up Link (UL),R4
38.717-01-01,Rel-17 NR intra band Carrier Aggregation for xCC DL/yCC UL including contiguous and non-contiguous spectrum (x>=y),R4
38.717-02-01,"Rel-17 NR Inter-band Carrier Aggregation/Dual Connectivity for 2 bands DL with x bands UL (x=1,2)",R4
38.717-03-01,Rel-17 NR inter-band Carrier Aggregation for 3 bands DL with 1 band UL,R4
38.717-03-02,Rel-17 NR inter-band Carrier Aggregation/Dual Connectivity for 3 bands DL with 2 bands UL,R4
38.717-04-01,Rel-17 NR inter-band Carrier Aggregation for 4 bands DL with 1 band UL,R4
38.717-04-02,Rel-17 NR inter-band Carrier Aggregation/Dual connectivity for DL 4 bands and 2UL bands,R4
38.717-05-01,"Rel-17 NR inter-band Carrier Aggregation for 5 bands DL with x bands UL (x=1, 2)",R4
38.718-00-02,NR Carrier Aggregation band combinations with two SUL cells,R4
38.718-01-01,Rel-18 NR intra band Carrier Aggregation for xCC DL/yCC UL including contiguous and non-contiguous spectrum (x>=y),R4
38.718-02-01,"NR inter-band Carrier Aggregation/Dual connectivity for 2 bands DL with x bands UL (x=1,2)",R4
38.718-03-01,"NR inter-band Carrier Aggregation/Dual Connectivity for 3 bands DL with x bands UL(x=1,2)",R4
38.719-00-00,Rel-19 SUL configurations and CA band combinations with SUL(s),R4
38.719-01-01,Rel-19 NR intra-band CA combinations,R4
38.719-02-01,Rel-19 NR inter-band CA/DC configurations including inter band CA for 2 different bands DL with up to 2 different bands UL,R4
38.719-03-01,"Rel-19 NR inter-band CA/DC configurations including inter band CA for 3 different bands DL with x different bands UL(x=1,2)",R4
38.741,Non-Terrestrial Networks (NTN) L-/S-band for NR,R4
38.743,Study on enhancements for Artificial Intelligence (AI)/Machine Learning (ML) for NG-RAN,R3
38.744,Study on Artificial Intelligence (AI)/Machine Learning (ML) for mobility in NR,R2
38.746,High power UE (power class 1.5 or 2) for NR Inter-band Carrier Aggregation (CA)/Dual Connectivity (DC) with/without Supplementary Uplink  (SUL) with high power on TDD band(s),R4
38.749,Protection of Earth Exploration Satellite Service (EESS),R4
38.750,High power UE (power class 2) for NR Inter-band Carrier Aggregation (CA)/Dual Connectivity (DC) with high power on FDD band(s),R4
38.751,UE RF requirement for NR frequency range 2 (FR2) multi-Rx chain DL reception,R4
38.753,Study on spatial channel model for demodulation performance requirements for NR,R4
38.755,Study on NR FR1 DL fragmented carriers,R4
38.761,Measurements of Multiple Input Multiple Output (MIMO) Over-the-Air (OTA) performance of User Equipment (UE),R4
38.762,Multiple Input Multiple Output (MIMO) Over-the-Air (OTA) dynamic test methodology for FR1 UEs,R4
38.768,Low NR band carrier aggregation via switching,R4
38.769,Study on solutions for Ambient IoT (Internet of Things) in NR,R1
38.771,Study on NR frequency range 2 (FR2) OTA (Over the Air) testing Phase 3 ,R4
38.774,Radio Frequency (RF) requirements for Low-Power Wake-up Signal and Receiver,R4
38.785,User Equipment (UE) radio transmission and reception for enhanced NR sidelink,R4
38.786,User Equipment (UE) radio transmission and reception for NR sidelink evolution,R4
38.787,User Equipment (UE) radio transmission and reception for NR Sidelink supporting intra-band CA in ITS band,R4
38.792,High power UE (power class 1.5) for NR Inter-band Carrier Aggregation (CA)/Dual connectivity (DC) with high power on both FDD and TDD bands,R4
38.793,"Requirements for simultaneous Rx/Tx band combinations for NR CA/DC, NR SUL and LTE/NR DC",R4
38.794,High power UE (power class 1.5 or 2) for NR Intra-band Carrier Aggregation (CA) with high power on FDD or TDD band,R4
38.795,"Rel-19 High power UE (power class 1.5, and 2) for NR FR1 TDD single band for handheld/FWA UEs and high power UE operation (power class 1) for FWVM (fixed-wireless/vehicle-mounted) use case in a single NR TDD band ",R4
38.796,Rel-19 High power UE (power class 2) for NR FR1 FDD single band for handheld/FWA UEs and high power UE operation (power class 1) for FWVM (fixed-wireless/vehicle-mounted) use case in a single NR FDD band,R4
38.799,Study on Additional Topological Enhancements for NR,R3
38.801,Study on new radio access technology: Radio access architecture and interfaces,R3
38.802,Study on new radio access technology Physical layer aspects,R1
38.803,Study on new radio access technology: Radio Frequency (RF) and co-existence aspects,R4
38.804,Study on new radio access technology Radio interface protocol aspects,R2
38.805,Study on new radio access technology; 60 GHz unlicensed spectrum,RP
38.806,Study of separation of NR Control Plane (CP) and User Plane (UP) for split option 2,R3
38.807,Study on requirements for NR beyond 52.6 GHz,RP
38.808,Study on supporting NR from 52.6 GHz to 71 GHz,R1
38.809,NR; Background for integrated access and backhaul radio transmission and reception ,R4
38.810,NR; Study on test methods,R4
38.811,Study on New Radio (NR) to support non-terrestrial networks,RP
38.812,Study on Non-Orthogonal Multiple Access (NOMA) for NR,R1
38.813,New frequency range for NR (3.3-4.2 GHz),R4
38.814,New frequency range for NR (4.4-5.0 GHz),R4
38.815,New frequency range for NR (24.25-29.5 GHz),R4
38.816,Study on Central Unit (CU) - Distributed Unit (DU) lower layer split for NR,R3
38.817-01,General aspects for User Equipment (UE) Radio Frequency (RF) for NR,R4
38.817-02,General aspects for Base Station (BS) Radio Frequency (RF) for NR,R4
38.818,General aspects for Radio Resource Management (RRM) and demodulation for NR,R4
38.819,LTE Band 65 for NR (n65),R4
38.820,Study on the 7 to 24 GHz frequency range for NR,R4
38.821,Solutions for NR to support Non-Terrestrial Networks (NTN),R3
38.822,NR; User Equipment (UE) feature list,R2
38.823,Study of further enhancement for disaggregated gNB,R3
38.824,Study on physical layer enhancements for NR ultra-reliable and low latency case (URLLC),R1
38.825,Study on NR industrial Internet of Things (IoT),R2
38.826,Study on evaluation for 2 receiver exception in Rel-15 vehicle mounted User Equipment (UE) for NR,R4
38.827,Study on radiated metrics and test methodology for the verification of multi-antenna reception performance of NR User Equipment (UE),R4
38.828,Cross Link Interference (CLI) handling and Remote Interference Management (RIM) for NR,R4
38.829,Study on Narrow-Band Internet of Things (NB-IoT) / enhanced Machine Type Communication (eMTC) support for Non-Terrestrial Networks (NTN),R1
38.830,Study on NR coverage enhancements,R1
38.831,User Equipment (UE) Radio Frequency (RF) requirements for Frequency Range 2 (FR2),R4
38.832,NR; Study on enhancement of Radio Access Network (RAN) slicing,R2
38.833,Further enhancement on NR demodulation performance,R4
38.834,Measurements of User Equipment (UE) Over-the-Air (OTA) performance for NR FR1; Total Radiated Power (TRP) and Total Radiated Sensitivity (TRS) test methodology,R4
38.835,Study on XR enhancements for NR,R2
38.836,Study on NR sidelink relay,R2
38.837,UE RF Requirements for Transparent Tx Diversity (TxD) for NR,R4
38.838,Study on XR (Extended Reality) evaluations for NR,R1
38.839,"Principles and requirements for simultaneous Rx/Tx band combinations for NR CA/DC, NR SUL and LTE/NR DC",R4
38.840,Study on User Equipment (UE) power saving in NR,R1
38.841,"High power UE for NR inter-band Carrier Aggregation with 2 bands downlink and x bands uplink (x =1,2)",R4
38.842,"High power User Equipment (UE) (power class 2) for NR inter-band Carrier Aggregation (CA) and Supplementary Uplink (SUL) configurations with x (x>2) bands DL and y (y=1, 2) bands UL",R4
38.843,Study on Artificial Intelligence (AI)/Machine Learning (ML) for NR air interface,R1
38.844,Study on Efficient utilization of licensed spectrum that is not aligned with existing NR channel bandwidth,R4
38.845,"Study on scenarios and requirements of in-coverage, partial coverage, and out-of-coverage NR positioning use cases",RP
38.846,Study on simplification of band combination specification,R4
38.847,New frequency range for NR (47.2 – 48.2 GHz),R4
38.848,Study on Ambient IoT (Internet of Things) in RAN,RP
38.849,Introduction of 6GHz NR unlicensed operation,R4
38.850,"Rel-18 High power UE (power class 2) for FR1 NR FDD band in UL of NR inter-band CA/DC combinations with y bands downlink (y=2,3,4,5,6) and x bands uplink (x=1)",R4
38.851,User Equipment (UE) Further enhancements of NR RF requirements for frequency range 2 (FR2),R4
38.852,Introduction of 1900MHz NR band for Europe for Rail Mobile Radio (RMR),R4
38.853,Introduction of 900MHz NR band for Europe for Rail Mobile Radio (RMR),R4
38.854,NR support for high speed train scenario in frequency range 2 (FR2),R4
38.855,Study on NR positioning support,R1
38.856,Study on local NR positioning in NG-RAN,R3
38.857,Study on NR positioning enhancements,R1
38.858,Study on evolution of NR duplex operation,R1
38.859,Study on expanded and improved NR positioning,R1
38.860,Study on extended 600MHz NR band ,R4
38.861,Study on high power UE (power class 2) for one NR FDD band,R4
38.862,Study on band combination handling in RAN4,R4
38.863,Non-terrestrial networks (NTN) related RF and co-existence aspects,R4
38.864,Study on network energy savings for NR,R1
38.865,Study on further NR RedCap UE complexity reduction,R1
38.866,Study on remote interference management for NR,R1
38.867,Study on NR Network-controlled Repeaters,R1
38.868,Study on optimizations of pi/2 BPSK uplink power in NR,R4
38.869,Study on low-power Wake-up Signal and Receiver for NR,R1
38.870,Enhanced Over-the-Air (OTA) test methods for NR FR1 Total Radiated Power (TRP) and Total Radiated Sensitivity (TRS),R4
38.871,Study on NR frequency range 2 (FR2) Over-the-Air (OTA) testing enhancements,R4
38.872,Study on enhancement for 700/800/900MHz band combinations,R4
38.873,Time Division Duplex (TDD) operating band in Band n48,R4
38.874,NR; Study on integrated access and backhaul,R2
38.875,Study on support of reduced capability NR devices,R1
38.876,Air-to-ground network for NR,R4
38.877,Study on NR mmWave MB-BS,R4
38.878,NR demodulation performance evolution,R4
38.879,Study on enhancement for Resiliency of gNB-CU-CP,R3
38.880,UE requirements for 3Tx inter-band UL CA and EN-DC,R4
38.881,Lower MSD for inter-band CA/EN-DC/DC combinations,R4
38.882,Study on requirements and use cases for network verified UE location for Non-Terrestrial-Networks (NTN) in NR,RP
38.883,Study on support of NR downlink 256 Quadrature Amplitude Modulation (QAM) for frequency range 2 (FR2),R4
38.884,Study on enhanced test methods for Frequency Range 2 (FR2) NR User Equipment (UE),R4
38.885,Study on NR Vehicle-to-Everything (V2X),R1
38.886,V2X Services based on NR; User Equipment (UE) radio transmission and reception,R4
38.887,TDD operating band in Band n259,R4
38.888,Adding wider channel bandwidth in NR band n28,R4
38.889,Study on NR-based access to unlicensed spectrum,R1
38.890,Study on NR QoE (Quality of Experience) management and optimizations for diverse services,R3
38.891,User Equipment (UE) Further enhancements of NR RF requirements for frequency range 2 (FR2) for Rel-18,R4
38.892,APT 600 MHz NR band,R4
38.893,Study on UE support of regionally-defined subsets of an NR band,RP
38.894,"Requirements for simultaneous Rx/Tx band combinations for NR CA/DC, NR SUL and LTE/NR DC",R4
38.895,High power UE (power class 1.5) for NR FR1 TDD single band,R4
38.896,High power for FR1 for FDD single band(s) with power class 2,R4
38.897,High power UE for NR TDD intra-band carrier aggregation in frequency range FR1,R4
38.898,"High power UE for FR1 for DC_R18_xBLTE_yBNR_zDLnUL with power class m (x= 1, 2, 3, 4; y=1, 2; m<3)",R4
38.899,"High power UE for FR1 NR inter-band CA/DC or NR SUL (supplementary uplink) band combination with y bands downlink (1<y<=6) and x bands uplink (x=1,2) and power class m (m<3) and high power on TDD band(s)",R4
38.900,Study on channel model for frequency spectrum above 6 GHz,R1
38.901,Study on channel model for frequencies from 0.5 to 100 GHz,R1
38.903,NR; Derivation of test tolerances and measurement uncertainty for User Equipment (UE) conformance test cases,R5
38.905,NR; Derivation of test points for radio transmission and reception User Equipment (UE) conformance test cases,R5
38.908,Protection of fixed satellite service (FSS) UL within 6425 to 7125 MHz,R4
38.912,Study on New Radio (NR) access technology,RP
38.913,Study on scenarios and requirements for next generation access technologies,RP
38.914,Study on 6G Scenarios and requirements,RP
38.918,Study on 5G NR User Equipment (UE) full stack testing for Network Slicing,R5
38.921,"Study on International Mobile Telecommunications (IMT) parameters for 6.425 - 7.025 GHz, 7.025 - 7.125 GHz and 10.0 - 10.5 GHz",R4
38.922,"Study on International Mobile Telecommunications (IMT) parameters for 4400 - 4800 MHz, 7125 - 8400 MHz and 14800 - 15350 MHz",R4
41.001,GSM Specification set,SP
41.031,Fraud Information Gathering System (FIGS); Service requirements; Stage 0,S3
41.033,Lawful Interception requirements for GSM,S3
41.061,General Packet Radio Service (GPRS); GPRS ciphering algorithm requirements,S3
41.101,Technical Specifications and Technical Reports for a GERAN-based 3GPP system,SP
41.102,GSM Release 4 specifications,SP
41.103,GSM Release 5 specifications,SP
41.104,Technical Specifications and Technical Reports for a GERAN-based 3GPP system (Rel-6),SP
41.811,Uplink - Time Difference Of Arrival (U-TDOA) in GSM and GPRS,G1
42.009,Security aspects,S3
42.017,Subscriber Identity Module (SIM); Functional characteristics,C6
42.019,Subscriber Identity Module Application Programming Interface (SIM API); Stage 1,C6
42.031,Fraud Information Gathering System (FIGS); Service description; Stage 1,S3
42.032,Immediate Service Termination (IST); Service description; Stage 1,S3
42.033,Lawful Interception; Stage 1,S3
42.043,Support of Localised Service Area (SoLSA); Service description; Stage 1,S1
42.048,Security mechanisms for the SIM Application Toolkit; Stage 1,T3
42.053,Tandem Free Operation (TFO); Service description; Stage 1,S4
42.056,"GSM Cordless Telephony System (CTS), Phase 1; Service description; Stage 1",S1
42.068,Voice Group Call Service (VGCS); Stage 1,S1
42.069,Voice Broadcast Service (VBS); Stage 1,S1
43.005,Technical performance objectives,CP
43.010,GSM Public Land Mobile Network (PLMN) connection types,C3
43.013,Discontinuous Reception (DRX) in the GSM system,RP
43.019,Subscriber Identity Module Application Programming Interface (SIM API) for Java Card; Stage 2,C6
43.020,Security related network functions,S3
43.022,Functions related to Mobile Station (MS) in idle mode and group receive mode,RP
43.026,Multiband operation of GSM / DCS 1800 by a single operator,RP
43.030,Radio network planning aspects,RP
43.031,Fraud Information Gathering System (FIGS); Service description; Stage 2,S3
43.033,3G security; Lawful Interception; Stage 2,S3
43.035,Immediate Service Termination (IST); Stage 2,S3
43.045,Technical realization of facsimile group 3 transparent,C3
43.046,Technical Realization of Facsimile Group 3 Service - non transparent,N3
43.048,Security Mechanisms for SIM Toolkit Application; Stage 2,T3
43.050,Transmission planning aspects of the speech service in the GSM Public Land Mobile Network (PLMN) system,S4
43.051,GSM/EDGE Overall description; Stage 2,RP
43.052,"GSM Cordless Telephony System (CTS), Phase 1; Lower Layers of the CTS Radio Interface, Stage 2",RP
43.055,Dual Transfer Mode (DTM); Stage 2,RP
43.058,"Characterisation, test methods and quality assessment for handsfree Mobile Stations (MSs)",S4
43.059,Functional stage 2 description of Location Services (LCS) in GERAN,RP
43.063,"Packet Data on Signalling channels service (PDS) Service description, Stage 2",N1
43.064,General Packet Radio Service (GPRS); Overall description of the GPRS radio interface; Stage 2,RP
43.068,Voice Group Call Service (VGCS); Stage 2,C1
43.069,Voice Broadcast Service (VBS); Stage 2,C1
43.071,Location Services (LCS); Functional description; Stage 2 (GSM),S2
43.073,Support of Localised Service Area (SoLSA); Stage 2,C4
43.129,Packet-switched handover for GERAN A/Gb mode; Stage 2,RP
43.130,GSM/EDGE Iur-g interface; Stage 2,RP
43.246,Multimedia Broadcast/Multicast Service (MBMS) in the GERAN; Stage 2,RP
43.318,Generic Access Network (GAN); Stage 2,RP
43.319,"Reserved for enhancement of 43.318 ""Generic access to the A/Gb interface; Stage 2"" to include Iu mode",G1
43.801,Solutions for Voice services over Adaptive Multi-user channels on One Slot (VAMOS) enhancements,RP
43.802,GERAN study on mobile data applications,RP
43.868,GERAN improvements for Machine-Type Communications (MTC),RP
43.869,GERAN Study on power saving for MTC devices,RP
43.900,Support for voice optimization for the IMS in the GERAN,G1
43.901,Feasibility Study on generic access to A/Gb interface,RP
43.902,Enhanced Generic Access Networks (EGAN) study,RP
43.903,A-interface over IP study (AINTIP),RP
43.930,Iur-g interface; Stage 2,G2
43.935,Feasibility study of enhanced support for video telephony service over GERAN via the A interface,G1
44.001,Mobile Station - Base Station System (MS - BSS) interface; General aspects and principles,C1
44.003,Mobile Station - Base Station System (MS - BSS) Interface Channel Structures and Access Capabilities,RP
44.004,GSM/EDGE Layer 1; General Requirements,RP
44.005,GSM/EDGE Data Link (DL) Layer; General aspects,RP
44.006,Mobile Station - Base Station System (MS - BSS) interface; Data Link (DL) layer specification,RP
44.008,Mobile radio interface layer 3 specification,N1
44.012,Short Message Service Cell Broadcast (SMSCB) support on the mobile radio interface,RP
44.013,Performance requirements on the mobile radio interface,C1
44.014,Individual equipment type requirements and interworking; Special GSM/EDGE conformance testing functions,RP
44.018,Mobile radio interface layer 3 specification; GSM/EDGE Radio Resource Control (RRC) protocol,RP
44.021,Rate adaption on the Mobile Station - Base Station System (MS - BSS) interface,C3
44.031,Location Services (LCS); Mobile Station (MS) - Serving Mobile Location Centre (SMLC) Radio Resource LCS Protocol (RRLP),RP
44.035,GSM/EDGE Location Services (LCS); Broadcast network assistance for Enhanced Observed Time Difference (E-OTD) and Global Positioning System (GPS) positioning methods,RP
44.056,"GSM Cordless Telephony System (CTS), Phase 1; CTS radio interface layer 3 specification",C1
44.057,"GSM Cordless Telephony System (CTS), Phase 1; CTS supervising system layer 3 specification",C1
44.060,General Packet Radio Service (GPRS); Mobile Station (MS) - Base Station System (BSS) interface; Radio Link Control / Medium Access Control (RLC/MAC) protocol,RP
44.063,"Packet Data on Signalling channels Service (PDS) Service Description, Stage 3",N1
44.064,Mobile Station - Serving GPRS Support Node (MS-SGSN); Logical Link Control (LLC) Layer Specification,C1
44.065,Mobile Station (MS) - Serving GPRS Support Node (SGSN);  Subnetwork Dependent Convergence Protocol (SNDCP),C1
44.068,Group Call Control (GCC) protocol,C1
44.069,Broadcast Call Control (BCC) protocol,C1
44.071,GSM/EDGE Location Services (LCS); Mobile radio interface layer 3 LCS specification,RP
44.118,Mobile radio interface layer 3 specification; Radio Resource Control (RRC) protocol; Iu mode,RP
44.160,General Packet Radio Service (GPRS); Mobile Station (MS) - Base Station System (BSS) interface; Radio Link Control / Medium Access Control (RLC/MAC) protocol Iu mode,RP
44.318,Generic Access Network (GAN); Mobile GAN interface layer 3 specification,RP
44.319,"Reserved for enhancement of 44.318 ""Generic Access (GA) to the A/Gb interface; Mobile GA interface layer 3 specification"" to include Iu mode",G2
44.901,GSM/EDGE External Network Assisted Cell Change (NACC),RP
44.933,Seamless support of streaming services in GERAN A/Gb mode,G2
45.001,GSM/EDGE Physical layer on the radio path; General description,RP
45.002,GSM/EDGE Multiplexing and multiple access on the radio path,RP
45.003,GSM/EDGE Channel coding,RP
45.004,GSM/EDGE Modulation,RP
45.005,GSM/EDGE Radio transmission and reception,RP
45.008,GSM/EDGE Radio subsystem link control,RP
45.009,GSM/EDGE Link adaptation,RP
45.010,GSM/EDGE Radio subsystem synchronization,RP
45.015,GSM/EDGE Release independent Downlink Advanced Receiver Performance (DARP); Implementation guidelines,RP
45.022,GSM/EDGE Radio link management in hierarchical networks,RP
45.050,GSM/EDGE Background for Radio Frequency (RF) requirements,RP
45.056,"GSM Cordless Telephony System (CTS), Phase 1; CTS-FP Radio subsystem",RP
45.202,"reserved for radio spec ""Flexible layer 1"" based on 45.902",G1
45.811,Uplink - Time Difference Of Arrival (U-TDOA) in GSM and GPRS,RP
45.820,Cellular system support for ultra-low complexity and low throughput Internet of Things (CIoT),RP
45.860,Signal Precoding Enhancements for EGPRS2 DL,RP
45.871,Study on Multiple Input Multiple Output (MIMO) for GSM/EDGE downlink,RP
45.876,Uplink Multi-User MIMO,R6
45.902,GSM/EDGE Flexible Layer One (FLO),RP
45.903,Feasibility study on Single Antenna Interference Cancellation (SAIC) for GSM networks,RP
45.912,Feasibility study for evolved GSM/EDGE Radio Access Network (GERAN),RP
45.913,Optimized transmit pulse shape for downlink Enhanced General Packet Radio Service (EGPRS2-B),RP
45.914,Circuit switched voice capacity evolution for GSM/EDGE Radio Access Network (GERAN),RP
45.926,Solutions for GSM/EDGE Base Transceiver Station (BTS) energy saving,RP
46.001,Full rate speech; Processing functions,S4
46.002,Half rate speech; Half rate speech processing functions,S4
46.006,Half rate speech; ANSI-C code for the GSM half rate speech codec,S4
46.007,Half rate speech; Test sequences for the GSM half rate speech codec,S4
46.008,Half Rate Speech; Performance Characterization of the GSM Half Rate speech codec,S4
46.010,Full rate speech; Transcoding,S4
46.011,Full rate speech; Substitution and muting of lost frames for full rate speech channels,S4
46.012,Full rate speech; Comfort noise aspect for full rate speech traffic channels,S4
46.020,Half rate speech; Half rate speech transcoding,S4
46.021,Half rate speech; Substitution and muting of lost frames for half rate speech traffic channels,S4
46.022,Half rate speech; Comfort noise aspects for the half rate speech traffic channels,S4
46.031,Full rate speech; Discontinuous Transmission (DTX) for full rate speech traffic channels,S4
46.032,Full rate speech; Voice Activity Detector (VAD) for full rate speech traffic channels,S4
46.041,Half rate speech; Discontinuous Transmission (DTX) for half rate speech traffic channels,S4
46.042,Half rate speech; Voice Activity Detector (VAD) for half rate speech traffic channels,S4
46.051,Enhanced Full Rate (EFR) speech processing functions; General description,S4
46.053,ANSI-C code for the GSM Enhanced Full Rate (EFR) speech codec,S4
46.054,Test sequences for the GSM Enhanced Full Rate (EFR) speech codec,S4
46.055,Performance characterization of the GSM Enhanced Full Rate (EFR) speech codec,S4
46.060,Enhanced Full Rate (EFR) speech transcoding,S4
46.061,Substitution and muting of lost frames for Enhanced Full Rate (EFR) speech traffic channels,S4
46.062,Comfort noise aspects for Enhanced Full Rate (EFR) speech traffic channels,S4
46.076,Adaptive Multi-Rate (AMR) speech codec; Study phase report,S4
46.081,Discontinuous Transmission (DTX) for Enhanced Full Rate (EFR) speech traffic channels,S4
46.082,Voice Activity Detector (VAD) for Enhanced Full Rate (EFR) speech traffic channels,S4
46.085,"Subjective tests on the interoperability of the Half Rate / Full Rate / Enhanced Full Rate (HR/FR/EFR) speech codecs, single, tandem and tandem free operation",S4
48.001,Base Station System - Mobile-services Switching Centre (BSS - MSC) interface; General aspects,RP
48.002,Base Station System - Mobile-services Switching Centre (BSS - MSC) interface; Interface principles,RP
48.004,Base Station System - Mobile-services Switching Centre (BSS - MSC) interface; Layer 1 specification,RP
48.006,Signalling transport mechanism Specification for the Base Station System - Mobile Services Switching Centre (BSS - MSC) interface,RP
48.008,Mobile Switching Centre - Base Station system (MSC-BSS) interface; Layer 3 specification,RP
48.014,General Packet Radio Service (GPRS); Base Station System (BSS) - Serving GPRS Support Node (SGSN) interface; Gb interface Layer 1,RP
48.016,General Packet Radio Service (GPRS); Base Station System (BSS) - Serving GPRS Support Node (SGSN) interface; Network service,RP
48.018,General Packet Radio Service (GPRS); Base Station System (BSS) - Serving GPRS Support Node (SGSN); BSS GPRS protocol (BSSGP),RP
48.020,Rate adaption on the Base Station System - Mobile-services Switching Centre (BSS - MSC) interface,C3
48.031,Location Services (LCS); Serving Mobile Location Centre - Serving Mobile Location Centre (SMLC - SMLC); SMLCPP specification,RP
48.049,Base Station Controller - Cell Broadcast Centre (BSC-CBC) interface specification; Cell Broadcast Service Protocol (CBSP),RP
48.051,Base Station Controller - Base Transceiver Station (BSC - BTS) interface; General aspects,RP
48.052,Base Station Controller - Base Transceiver Station (BSC - BTS) interface; Interface principles,RP
48.054,Base Station Controller - Base Transceiver Station (BSC - BTS) interface; Layer 1 structure of physical circuits,RP
48.056,Base Station Controller - Base Transceiver Station (BSC - BTS) interface; Layer 2 specification,RP
48.058,Base Station Controller - Base Transceiver Station  (BSC - BTS) Interface; Layer 3 specification,RP
48.060,In-band control of remote transcoders and rate adaptors for full rate traffic channels,RP
48.061,In-band control of remote transcoders and rate adaptors for half rate traffic channels,RP
48.062,Inband Tandem Free Operation (TFO) of Speech Codecs; Service Description; Stage 3,S4
48.071,Location Services (LCS); Serving Mobile Location Centre - Base Station System (SMLC-BSS) interface; Layer 3 specification,RP
48.103,Base Station System - Media GateWay  (BSS-MGW) interface; User plane transport mechanism,RP
49.001,General network interworking scenarios,C4
49.008,Application of the Base Station System Application Part (BSSAP) on the E interface,C1
49.031,Location Services (LCS); Base Station System Application Part LCS Extension (BSSAP-LE),RP
49.994,Recommended infrastructure measures to overcome specific Mobile Station (MS) faults,N1
49.995,General Packet Radio Service (GPRS); Interworking between modified Public Land Mobile Network (PLMN) supporting GPRS and legacy GPRS mobiles,RP
50.043,Support of Localised Service Area (SoLSA); Work Item status,S1
50.056,"Project scheduling and open issues: GSM Cordless Telephony System CTS, Phase 1",S2
50.059,Enhanced Data rates for GSM Evolution (EDGE); Project scheduling and open issues for EDGE,RP
50.089,GSM to other Systems Handover and Cell Selection/Reselection; Project scheduling and open issues;,GP
50.099,GERAN project plan and open issues,GP
51.010-1,Mobile Station (MS) conformance specification; Part 1: Conformance specification,R5
51.010-2,Mobile Station (MS) conformance specification; Part 2: Protocol Implementation Conformance Statement (PICS) proforma specification,R5
51.010-3,Mobile Station (MS) conformance specification; Part 3: Layer3 (L3) Abstract Test Suite (ATS),R5
51.010-4,Mobile Station (MS) conformance specification; Part 4: Subscriber Identity Module (SIM) application toolkit conformance test specification,C6
51.010-5,Mobile Station (MS) conformance specification; Part 5: Inter-Radio-Access-Technology (RAT) (GERAN / UTRAN) interaction Abstract Test Suite (ATS),R5
51.010-6,Mobile Station (MS) conformance specification; Part 6: Protocol Implementation eXtra Information for Testing (PIXIT) proforma specification,G3new
51.010-7,Mobile Station (MS) conformance specification; Part 7: Location Services (LCS) test scenarios and assistance data,R5
51.011,Specification of the Subscriber Identity Module - Mobile Equipment (SIM-ME) interface,C6
51.013,Test specification for Subscriber Identity Module (SIM) Application Programming Interface (API) for Java Card,C6
51.014,Specification of the SIM Application Toolkit for the Subscriber Identity Module - Mobile Equipment (SIM - ME) interface,C6
51.017,Subscriber Identity Module (SIM) test specification,C6
51.021,Base Station System (BSS) equipment specification; Radio aspects,RP
51.026,Base Station System (BSS) equipment specification; Part 4: Repeaters,RP
52.008,Telecommunication management; GSM subscriber and equipment trace,S5
52.021,Network Management (NM) procedures and messages on the A-bis interface,RP
52.071,Location Services (LCS); Location services (LCS) management,S5
52.402,Telecommunication management; Performance Management (PM); Performance measurements - GSM,S5
55.205,Specification of the GSM-MILENAGE algorithms: An example algorithm set for the GSM Authentication and Key Generation Functions A3 and A8,S3
55.216,"3G Security; Specification of the A5/3 encryption algorithms for GSM and ECSD, and the GEA3 encryption algorithm for GPRS; Document 1: A5/3 and GEA3 specifications",S3
55.217,"3G Security; Specification of the A5/3 encryption algorithms for GSM and ECSD, and the GEA3 encryption algorithm for GPRS; Document 2: Implementors' test data",S3
55.218,"3G Security; Specification of the A5/3 encryption algorithms for GSM and ECSD, and the GEA3 encryption algorithm for GPRS; Document 3: Design conformance test data",S3
55.226,"3G Security; Specification of the A5/4 Encryption Algorithms for GSM and ECSD, and the GEA4 Encryption Algorithm for GPRS",S3
55.236,Specification of A8_V MILENAGE Algorithm: An example algorithm for the key generation function A8_V,S3
55.241,Specification of the GIA4 integrity algorithm for General Packet Radio Service (GPRS); GIA4 specification,S3
55.242,Specification of the GIA4 integrity algorithm for General Packet Radio Service (GPRS); Implementers' test data,S3
55.243,Specification of the GIA4 integrity algorithm for General Packet Radio Service (GPRS); Design conformance test data,S3
55.251,Specification of the GEA5 and GIA5 encryption algorithms for General Packet Radio Service (GPRS); GEA5 and GIA5 algorithm specification,S3
55.252,Specification of the GEA5 encryption and GIA5 integrity algorithms for General Packet Radio Service (GPRS); Implementers' test data,S3
55.253,Specification of the GEA5 encryption and GIA5 integrity algorithms for General Packet Radio Service (GPRS); Design conformance test data,S3
55.919,"3G Security; Specification of the A5/3 encryption algorithms for GSM and ECSD, and the GEA3 encryption algorithm for GPRS; Document 4: Design and evaluation report",S3